Chromosome	Type	Start	End	Strand	ID	Alias	Start_Flanking	End_Flanking
chr1	pre_miRNA	1167124	1167182	+	Hsa-Mir-8-P1a_pre	MI0000342	1167094	1167212
chr1	pre_miRNA	1167878	1167938	+	Hsa-Mir-8-P2a_pre	MI0000737	1167848	1167968
chr1	pre_miRNA	1169020	1169076	+	Hsa-Mir-8-P3a_pre	MI0001641	1168990	1169106
chr1	pre_miRNA	3560710	3560769	-	Hsa-Mir-551-P1_pre	MI0003556	3560680	3560799
chr1	pre_miRNA	9151692	9151756	-	Hsa-Mir-34-P1_pre	MI0000268	9151662	9151786
chr1	pre_miRNA	34669613	34669671	-	Hsa-Mir-552_pre	MI0003557	34669583	34669701
chr1	pre_miRNA	37500935	37500993	-	Hsa-Mir-5581_pre	MI0019136	37500905	37501023
chr1	pre_miRNA	40754371	40754434	+	Hsa-Mir-30-P1d_pre	MI0000749	40754341	40754464
chr1	pre_miRNA	40757300	40757360	+	Hsa-Mir-30-P2d_pre	MI0000736	40757270	40757390
chr1	pre_miRNA	65058441	65058499	-	Hsa-Mir-101-P1-v1_pre	MI0000103	65058411	65058529
chr1	pre_miRNA	71067642	71067702	-	Hsa-Mir-186_pre	MI0000483	71067612	71067732
chr1	pre_miRNA	93846843	93846900	+	Hsa-Mir-760_pre	MI0005567	93846813	93846930
chr1	pre_miRNA	98046091	98046149	-	Hsa-Mir-137-P1-v1_pre	MI0000454	98046061	98046179
chr1	pre_miRNA	109598901	109598961	+	Hsa-Mir-197_pre	MI0000239	109598871	109598991
chr1	pre_miRNA	116671755	116671808	+	Hsa-Mir-320-P2a_pre	MI0003776	116671725	116671838
chr1	pre_miRNA	154193674	154193733	-	Hsa-Mir-190-P3_pre	MI0005545	154193644	154193763
chr1	pre_miRNA	155195196	155195258	+	Hsa-Mir-92-P1d_pre	MI0003560	155195166	155195288
chr1	pre_miRNA	156103047	156103105	-	Hsa-Mir-12462-v1_pre		156103017	156103135
chr1	pre_miRNA	156420353	156420414	-	Hsa-Mir-9-P3_pre	MI0000466	156420323	156420444
chr1	pre_miRNA	162342561	162342620	+	Hsa-Mir-556_pre	MI0003562	162342531	162342650
chr1	pre_miRNA	171101737	171101797	-	Hsa-Mir-1295_pre	MI0006357	171101707	171101827
chr1	pre_miRNA	172138816	172138878	-	Hsa-Mir-214-v1_pre	MI0000290	172138786	172138908
chr1	pre_miRNA	172144554	172144614	-	Hsa-Mir-199-P1-v1_pre	MI0000281	172144524	172144644
chr1	pre_miRNA	177029374	177029432	-	Hsa-Mir-488_pre	MI0003123	177029344	177029462
chr1	pre_miRNA	178677763	178677822	+	Hsa-Mir-4424_pre	MI0016763	178677733	178677852
chr1	pre_miRNA	193136513	193136573	+	Hsa-Mir-1278_pre	MI0006425	193136483	193136603
chr1	pre_miRNA	198858888	198858947	-	Hsa-Mir-181-P2a_pre	MI0000270	198858858	198858977
chr1	pre_miRNA	198859069	198859130	-	Hsa-Mir-181-P1a_pre	MI0000289	198859039	198859160
chr1	pre_miRNA	205448323	205448383	-	Hsa-Mir-135-P4_pre	MI0000810	205448293	205448413
chr1	pre_miRNA	207801865	207801922	-	Hsa-Mir-29-P2d_pre	MI0000735	207801835	207801952
chr1	pre_miRNA	207802450	207802514	-	Hsa-Mir-29-P1d-v1_pre	MI0000107	207802420	207802544
chr1	pre_miRNA	209432166	209432224	+	Hsa-Mir-205-P4_pre	MI0000285	209432136	209432254
chr1	pre_miRNA	220117877	220117936	-	Hsa-Mir-192-P2_pre	MI0000291	220117847	220117966
chr1	pre_miRNA	220118170	220118227	-	Hsa-Mir-194-P2_pre	MI0000488	220118140	220118257
chr1	pre_miRNA	224257049	224257101	-	Hsa-Mir-320-P2b_pre	MI0003839	224257019	224257131
chr1	pre_miRNA	243346188	243346246	+	Hsa-Mir-4677_pre	MI0017308	243346158	243346276
chr10	pre_miRNA	17845121	17845181	+	Hsa-Mir-511_pre	MI0003127	17845091	17845211
chr10	pre_miRNA	35079608	35079668	-	Hsa-Mir-3611_pre	MI0016001	35079578	35079698
chr10	pre_miRNA	51299588	51299644	+	Hsa-Mir-605-v1_pre	MI0003618	51299558	51299674
chr10	pre_miRNA	57304489	57304547	-	Hsa-Mir-3924_pre	MI0016432	57304459	57304577
chr10	pre_miRNA	63372969	63373033	-	Hsa-Mir-1296_pre	MI0003780	63372939	63373063
chr10	pre_miRNA	67403351	67403410	-	Hsa-Mir-7151_pre	MI0023611	67403321	67403440
chr10	pre_miRNA	86264710	86264769	-	Hsa-Mir-346_pre	MI0000826	86264680	86264799
chr10	pre_miRNA	89592756	89592815	-	Hsa-Mir-103-P1_pre	MI0000114	89592726	89592845
chr10	pre_miRNA	97875824	97875884	-	Hsa-Mir-3085_pre		97875794	97875914
chr10	pre_miRNA	98395232	98395292	-	Hsa-Mir-1287_pre	MI0006349	98395202	98395322
chr10	pre_miRNA	102436520	102436578	+	Hsa-Mir-146-P1_pre	MI0003129	102436490	102436608
chr10	pre_miRNA	103394300	103394361	-	Hsa-Mir-1307_pre	MI0006444	103394270	103394391
chr10	pre_miRNA	112299624	112299680	+	Hsa-Mir-6715_pre	MI0022548	112299594	112299710
chr10	pre_miRNA	116827499	116827555	-	Hsa-Mir-9851_pre	MI0039502	116827469	116827585
chr10	pre_miRNA	117167695	117167754	-	Hsa-Mir-3663_pre	MI0016064	117167665	117167784
chr10	pre_miRNA	133247536	133247593	-	Hsa-Mir-202_pre	MI0003130	133247506	133247623
chr10	pre_miRNA	133371579	133371641	-	Hsa-Mir-3944_pre	MI0016601	133371549	133371671
chr11	pre_miRNA	568112	568171	-	Hsa-Mir-210_pre	MI0000286	568082	568201
chr11	pre_miRNA	1996766	1996822	-	Hsa-Mir-675_pre	MI0005416	1996736	1996852
chr11	pre_miRNA	2134140	2134202	-	Hsa-Mir-483_pre	MI0002467	2134110	2134232
chr11	pre_miRNA	34941851	34941909	+	Hsa-Mir-1343_pre	MI0017320	34941821	34941939
chr11	pre_miRNA	43559675	43559738	+	Hsa-Mir-670_pre	MI0003933	43559645	43559768
chr11	pre_miRNA	43581408	43581471	+	Hsa-Mir-129-P1_pre	MI0000473	43581378	43581501
chr11	pre_miRNA	57641212	57641273	+	Hsa-Mir-130-P1c_pre	MI0000448	57641182	57641303
chr11	pre_miRNA	61815172	61815229	-	Hsa-Mir-1908_pre	MI0008329	61815142	61815259
chr11	pre_miRNA	64891159	64891223	-	Hsa-Mir-192-P4_pre	MI0000234	64891129	64891253
chr11	pre_miRNA	64891368	64891425	-	Hsa-Mir-194-P4_pre	MI0000732	64891338	64891455
chr11	pre_miRNA	72615066	72615124	-	Hsa-Mir-139_pre	MI0000261	72615036	72615154
chr11	pre_miRNA	75335108	75335167	-	Hsa-Mir-326_pre	MI0000808	75335078	75335197
chr11	pre_miRNA	79402031	79402099	-	Hsa-Mir-708_pre	MI0005543	79402001	79402129
chr11	pre_miRNA	79422169	79422226	-	Hsa-Mir-5579_pre	MI0019133	79422139	79422256
chr11	pre_miRNA	111512951	111513009	+	Hsa-Mir-34-P2a_pre	MI0000742	111512921	111513039
chr11	pre_miRNA	111513451	111513505	+	Hsa-Mir-34-P2b_pre	MI0000743	111513421	111513535
chr11	pre_miRNA	122099769	122099830	-	Hsa-Mir-10-P3d_pre	MI0000446	122099739	122099860
chr11	pre_miRNA	122146523	122146589	-	Hsa-Let-7-P1d_pre	MI0000061	122146493	122146619
chr11	pre_miRNA	122152240	122152296	-	Hsa-Mir-10-P2d_pre	MI0000102	122152210	122152326
chr12	pre_miRNA	6963703	6963764	+	Hsa-Mir-8-P1b_pre	MI0000650	6963673	6963794
chr12	pre_miRNA	6964113	6964177	+	Hsa-Mir-8-P2b_pre	MI0000457	6964083	6964207
chr12	pre_miRNA	53991762	53991820	+	Hsa-Mir-196-P4_pre	MI0000279	53991732	53991850
chr12	pre_miRNA	54033967	54034030	+	Hsa-Mir-615_pre	MI0003628	54033937	54034060
chr12	pre_miRNA	54337239	54337299	+	Hsa-Mir-148-P4_pre	MI0000811	54337209	54337329
chr12	pre_miRNA	57519183	57519244	-	Hsa-Mir-616_pre	MI0003629	57519153	57519274
chr12	pre_miRNA	57824620	57824679	-	Hsa-Mir-26-P4_pre	MI0000750	57824590	57824709
chr12	pre_miRNA	62603691	62603767	+	Hsa-Let-7-P2c2_pre	MI0000434	62603661	62603797
chr12	pre_miRNA	79419261	79419319	+	Hsa-Mir-1252_pre	MI0006434	79419231	79419349
chr12	pre_miRNA	86745079	86745136	-	Hsa-Mir-3059_pre		86745049	86745166
chr12	pre_miRNA	95308445	95308500	+	Hsa-Mir-331_pre	MI0000812	95308415	95308530
chr12	pre_miRNA	97491913	97491971	+	Hsa-Mir-1251_pre	MI0006386	97491883	97492001
chr12	pre_miRNA	97563834	97563893	+	Hsa-Mir-135-P2_pre	MI0000453	97563804	97563923
chr13	pre_miRNA	24162431	24162490	+	Hsa-Mir-2276_pre	MI0011282	24162401	24162520
chr13	pre_miRNA	49996428	49996486	-	Hsa-Mir-3613_pre	MI0016003	49996398	49996516
chr13	pre_miRNA	50048984	50049048	-	Hsa-Mir-15-P2a_pre	MI0000070	50048954	50049078
chr13	pre_miRNA	50049130	50049188	-	Hsa-Mir-15-P1a_pre	MI0000069	50049100	50049218
chr13	pre_miRNA	91350618	91350677	+	Hsa-Mir-17-P1a_pre	MI0000071	91350588	91350707
chr13	pre_miRNA	91350756	91350820	+	Hsa-Mir-17-P2a_pre	MI0000072	91350726	91350850
chr13	pre_miRNA	91350904	91350961	+	Hsa-Mir-19-P1a_pre	MI0000073	91350874	91350991
chr13	pre_miRNA	91351072	91351130	+	Hsa-Mir-17-P4a_pre	MI0000076	91351042	91351160
chr13	pre_miRNA	91351207	91351267	+	Hsa-Mir-19-P2a_pre	MI0000074	91351177	91351297
chr13	pre_miRNA	91351324	91351382	+	Hsa-Mir-92-P1a_pre	MI0000093	91351294	91351412
chr14	pre_miRNA	23388602	23388658	-	Hsa-Mir-208-P2_pre	MI0000251	23388572	23388688
chr14	pre_miRNA	23417997	23418053	-	Hsa-Mir-208-P1-v1_pre	MI0005570	23417967	23418083
chr14	pre_miRNA	31014670	31014727	-	Hsa-Mir-624_pre	MI0003638	31014640	31014757
chr14	pre_miRNA	59646962	59647021	-	Hsa-Mir-5586_pre	MI0019143	59646932	59647051
chr14	pre_miRNA	95137922	95137982	-	Hsa-Mir-3173_pre	MI0014204	95137892	95138012
chr14	pre_miRNA	100109673	100109739	+	Hsa-Mir-342_pre	MI0000805	100109643	100109769
chr14	pre_miRNA	100307876	100307933	+	Hsa-Mir-345_pre	MI0000825	100307846	100307963
chr14	pre_miRNA	100852409	100852470	+	Hsa-Mir-770_pre	MI0005118	100852379	100852500
chr14	pre_miRNA	100869075	100869136	+	Hsa-Mir-493_pre	MI0003132	100869045	100869166
chr14	pre_miRNA	100874513	100874572	-	Hsa-Mir-337-as_pre		100874483	100874602
chr14	pre_miRNA	100874515	100874574	+	Hsa-Mir-337-v1_pre	MI0000806	100874485	100874604
chr14	pre_miRNA	100881026	100881089	+	Hsa-Mir-431_pre	MI0001721	100880996	100881119
chr14	pre_miRNA	100881897	100881970	+	Hsa-Mir-433_pre	MI0001723	100881867	100882000
chr14	pre_miRNA	100883001	100883056	+	Hsa-Mir-127_pre	MI0000472	100882971	100883086
chr14	pre_miRNA	100884496	100884564	+	Hsa-Mir-432_pre	MI0003133	100884466	100884594
chr14	pre_miRNA	100884716	100884771	+	Hsa-Mir-136-v1_pre	MI0000475	100884686	100884801
chr14	pre_miRNA	100911151	100911207	+	Hsa-Mir-370_pre	MI0000778	100911121	100911237
chr14	pre_miRNA	101022071	101022129	+	Hsa-Mir-154-P1_pre	MI0000787	101022041	101022159
chr14	pre_miRNA	101023340	101023395	+	Hsa-Mir-154-P2-v1_pre	MI0003675	101023310	101023425
chr14	pre_miRNA	101023799	101023853	+	Hsa-Mir-154-P3-v1_pre	MI0000744	101023769	101023883
chr14	pre_miRNA	101025020	101025076	+	Hsa-Mir-154-P4_pre	MI0000788	101024990	101025106
chr14	pre_miRNA	101025585	101025640	+	Hsa-Mir-154-P5_pre	MI0006656	101025555	101025670
chr14	pre_miRNA	101025747	101025802	+	Hsa-Mir-154-P6a-v1_pre	MI0000807	101025717	101025832
chr14	pre_miRNA	101026035	101026092	+	Hsa-Mir-154-P7_pre	MI0003757	101026005	101026122
chr14	pre_miRNA	101026796	101026855	+	Hsa-Mir-154-P8a_pre	MI0001725	101026766	101026885
chr14	pre_miRNA	101027113	101027172	+	Hsa-Mir-154-P8b_pre	MI0001726	101027083	101027202
chr14	pre_miRNA	101029648	101029703	+	Hsa-Mir-154-P9_pre	MI0003134	101029618	101029733
chr14	pre_miRNA	101030064	101030120	+	Hsa-Mir-154-P10_pre	MI0014205	101030034	101030150
chr14	pre_miRNA	101031997	101032054	+	Hsa-Mir-154-P11_pre	MI0005565	101031967	101032084
chr14	pre_miRNA	101033768	101033825	+	Hsa-Mir-154-P12_pre	MI0003135	101033738	101033855
chr14	pre_miRNA	101039358	101039415	+	Hsa-Mir-376-P1_pre		101039328	101039445
chr14	pre_miRNA	101039695	101039752	+	Hsa-Mir-376-P2_pre	MI0000776	101039665	101039782
chr14	pre_miRNA	101040081	101040138	+	Hsa-Mir-376-P3_pre	MI0003529	101040051	101040168
chr14	pre_miRNA	101040234	101040289	+	Hsa-Mir-154-P14_pre	MI0003676	101040204	101040319
chr14	pre_miRNA	101040460	101040517	+	Hsa-Mir-376-P4_pre	MI0002466	101040430	101040547
chr14	pre_miRNA	101040788	101040845	+	Hsa-Mir-376-P5_pre	MI0000784	101040758	101040875
chr14	pre_miRNA	101042991	101043050	+	Hsa-Mir-154-P16a_pre	MI0003844	101042961	101043080
chr14	pre_miRNA	101044212	101044271	+	Hsa-Mir-154-P16b_pre	MI0003821	101044182	101044301
chr14	pre_miRNA	101045927	101045989	+	Hsa-Mir-154-P17_pre	MI0000789	101045897	101046019
chr14	pre_miRNA	101046469	101046526	+	Hsa-Mir-154-P18_pre	MI0003530	101046439	101046556
chr14	pre_miRNA	101047329	101047392	+	Hsa-Mir-154-P19_pre	MI0003514	101047299	101047422
chr14	pre_miRNA	101047911	101047969	+	Hsa-Mir-154-P20_pre	MI0005540	101047881	101047999
chr14	pre_miRNA	101048676	101048732	+	Hsa-Mir-544_pre	MI0003515	101048646	101048762
chr14	pre_miRNA	101049572	101049631	+	Hsa-Mir-154-P21_pre	MI0003677	101049542	101049661
chr14	pre_miRNA	101052458	101052515	+	Hsa-Mir-154-P23_pre	MI0002471	101052428	101052545
chr14	pre_miRNA	101054316	101054373	+	Hsa-Mir-154-P24_pre	MI0000790	101054286	101054403
chr14	pre_miRNA	101054694	101054754	+	Hsa-Mir-134_pre	MI0000474	101054664	101054784
chr14	pre_miRNA	101055427	101055485	+	Hsa-Mir-154-P25_pre	MI0002469	101055397	101055515
chr14	pre_miRNA	101056233	101056289	+	Hsa-Mir-154-P6b_pre	MI0014206	101056203	101056319
chr14	pre_miRNA	101059769	101059826	+	Hsa-Mir-154-P26_pre	MI0000480	101059739	101059856
chr14	pre_miRNA	101060596	101060649	+	Hsa-Mir-154-P28-v1_pre	MI0003136	101060566	101060679
chr14	pre_miRNA	101062056	101062115	+	Hsa-Mir-154-P29_pre	MI0000785	101062026	101062145
chr14	pre_miRNA	101064504	101064569	+	Hsa-Mir-541_pre	MI0005539	101064474	101064599
chr14	pre_miRNA	101065314	101065367	+	Hsa-Mir-154-P30_pre	MI0001735	101065284	101065397
chr14	pre_miRNA	101065465	101065519	+	Hsa-Mir-154-P31_pre	MI0002464	101065435	101065549
chr14	pre_miRNA	101065606	101065661	+	Hsa-Mir-154-P32_pre	MI0000777	101065576	101065691
chr14	pre_miRNA	101065925	101065981	+	Hsa-Mir-154-P33_pre	MI0002465	101065895	101066011
chr14	pre_miRNA	101066731	101066786	+	Hsa-Mir-154-P34_pre	MI0003678	101066701	101066816
chr14	pre_miRNA	101560326	101560383	-	Hsa-Mir-1247_pre	MI0006382	101560296	101560413
chr14	pre_miRNA	104117431	104117490	+	Hsa-Mir-203-v1_pre	MI0000283	104117401	104117520
chr15	pre_miRNA	31065059	31065116	-	Hsa-Mir-204-P1_pre	MI0000287	31065029	31065146
chr15	pre_miRNA	35372279	35372341	-	Hsa-Mir-3942_pre	MI0016599	35372249	35372371
chr15	pre_miRNA	45433060	45433119	+	Hsa-Mir-147-v1_pre	MI0005544	45433030	45433149
chr15	pre_miRNA	52277131	52277188	-	Hsa-Mir-1266_pre	MI0006403	52277101	52277218
chr15	pre_miRNA	55372952	55373012	-	Hsa-Mir-628_pre	MI0003642	55372922	55373042
chr15	pre_miRNA	59171193	59171249	-	Hsa-Mir-2116_pre	MI0010635	59171163	59171279
chr15	pre_miRNA	62823971	62824029	+	Hsa-Mir-190-P1_pre	MI0000486	62823941	62824059
chr15	pre_miRNA	70079387	70079447	-	Hsa-Mir-629_pre	MI0003643	70079357	70079477
chr15	pre_miRNA	79209800	79209861	+	Hsa-Mir-184_pre	MI0000481	79209770	79209891
chr15	pre_miRNA	85380603	85380662	+	Hsa-Mir-7706_pre	MI0025242	85380573	85380692
chr15	pre_miRNA	85770508	85770567	-	Hsa-Mir-1276_pre	MI0006416	85770478	85770597
chr15	pre_miRNA	88611856	88611917	+	Hsa-Mir-7-P1_pre	MI0000264	88611826	88611947
chr15	pre_miRNA	89368032	89368093	+	Hsa-Mir-9-P1_pre	MI0000468	89368002	89368123
chr15	pre_miRNA	90006764	90006833	+	Hsa-Mir-3174_pre	MI0014208	90006734	90006863
chr16	pre_miRNA	14303980	14304038	+	Hsa-Mir-193-P1a_pre	MI0003137	14303950	14304068
chr16	pre_miRNA	14309300	14309360	+	Hsa-Mir-193-P2a_pre	MI0000767	14309270	14309390
chr16	pre_miRNA	14911237	14911302	+	Hsa-Mir-3180-P2_pre	MI0014215	14911207	14911332
chr16	pre_miRNA	15643266	15643322	+	Hsa-Mir-484_pre	MI0002468	15643236	15643352
chr16	pre_miRNA	16309892	16309957	+	Hsa-Mir-3180-P1_pre	MI0014214	16309862	16309987
chr16	pre_miRNA	18402189	18402254	-	Hsa-Mir-3180-P3_pre	MI0014217	18402159	18402284
chr16	pre_miRNA	56858527	56858594	+	Hsa-Mir-138-P2_pre	MI0000455	56858497	56858624
chr16	pre_miRNA	67202328	67202388	-	Hsa-Mir-328_pre	MI0000804	67202298	67202418
chr16	pre_miRNA	69933103	69933164	+	Hsa-Mir-140-P2-v1_pre	MI0000456	69933073	69933194
chr16	pre_miRNA	81533905	81533965	+	Hsa-Mir-7854_pre	MI0025524	81533875	81533995
chr16	pre_miRNA	85741630	85741689	-	Hsa-Mir-1910_pre	MI0008331	85741600	85741719
chr17	pre_miRNA	1713914	1713973	-	Hsa-Mir-22-P1b_pre	MI0000078	1713884	1714003
chr17	pre_miRNA	2049929	2049986	-	Hsa-Mir-132-P1_pre	MI0000449	2049899	2050016
chr17	pre_miRNA	2050289	2050350	-	Hsa-Mir-132-P2_pre	MI0000288	2050259	2050380
chr17	pre_miRNA	7017627	7017687	-	Hsa-Mir-15-P2d_pre	MI0000489	7017597	7017717
chr17	pre_miRNA	7017938	7017999	-	Hsa-Mir-15-P1d_pre	MI0003138	7017908	7018029
chr17	pre_miRNA	7223308	7223364	-	Hsa-Mir-324_pre	MI0000813	7223278	7223394
chr17	pre_miRNA	12081909	12081986	+	Hsa-Mir-744_pre	MI0005559	12081879	12082016
chr17	pre_miRNA	15251634	15251687	-	Hsa-Mir-4731_pre	MI0017368	15251604	15251717
chr17	pre_miRNA	17813858	17813916	-	Hsa-Mir-33-P1_pre	MI0003646	17813828	17813946
chr17	pre_miRNA	19344513	19344568	-	Hsa-Mir-1180_pre	MI0006273	19344483	19344598
chr17	pre_miRNA	28861383	28861424	-	Hsa-Mir-451_pre	MI0001729	28861353	28861454
chr17	pre_miRNA	28861547	28861604	-	Hsa-Mir-144-v1_pre	MI0000460	28861517	28861634
chr17	pre_miRNA	30117095	30117153	+	Hsa-Mir-423_pre	MI0001445	30117065	30117183
chr17	pre_miRNA	31560016	31560071	+	Hsa-Mir-193-P1b_pre	MI0000487	31559986	31560101
chr17	pre_miRNA	31575438	31575499	+	Hsa-Mir-193-P2b_pre	MI0000769	31575408	31575529
chr17	pre_miRNA	48037174	48037232	-	Hsa-Mir-148-P3_pre	MI0000462	48037144	48037262
chr17	pre_miRNA	48579864	48579926	-	Hsa-Mir-10-P1c-v1_pre	MI0000266	48579834	48579956
chr17	pre_miRNA	48632494	48632553	-	Hsa-Mir-196-P3_pre	MI0000238	48632464	48632583
chr17	pre_miRNA	58331245	58331303	-	Hsa-Mir-142-P2-v1_pre	MI0000458	58331215	58331333
chr17	pre_miRNA	59137785	59137849	-	Hsa-Mir-130-P3b_pre	MI0003820	59137755	59137879
chr17	pre_miRNA	59151147	59151208	-	Hsa-Mir-130-P2b_pre	MI0000745	59151117	59151238
chr17	pre_miRNA	59841273	59841332	+	Hsa-Mir-21_pre	MI0000077	59841243	59841362
chr17	pre_miRNA	69099570	69099625	-	Hsa-Mir-4524_pre	MI0016891	69099540	69099655
chr17	pre_miRNA	74748629	74748685	+	Hsa-Mir-3615_pre	MI0016005	74748599	74748715
chr17	pre_miRNA	81125886	81125948	+	Hsa-Mir-338-P2-as_pre	MI0014228	81125856	81125978
chr17	pre_miRNA	81125886	81125944	-	Hsa-Mir-338-P2_pre	MI0000814	81125856	81125974
chr18	pre_miRNA	21683527	21683580	+	Hsa-Mir-320-P3_pre	MI0003778	21683497	21683610
chr18	pre_miRNA	21825711	21825770	-	Hsa-Mir-133-P1-v1_pre	MI0000450	21825681	21825800
chr18	pre_miRNA	21829015	21829075	-	Hsa-Mir-1-P1_pre	MI0000437	21828985	21829105
chr18	pre_miRNA	24321684	24321737	+	Hsa-Mir-320-P4_pre	MI0008191	24321654	24321767
chr18	pre_miRNA	35904835	35904892	-	Hsa-Mir-187_pre	MI0000274	35904805	35904922
chr18	pre_miRNA	58451088	58451145	+	Hsa-Mir-122_pre	MI0000442	58451058	58451175
chr19	pre_miRNA	813590	813649	+	Hsa-Mir-3187_pre	MI0014231	813560	813679
chr19	pre_miRNA	4770700	4770759	+	Hsa-Mir-7-P4_pre	MI0000265	4770670	4770789
chr19	pre_miRNA	10817429	10817491	-	Hsa-Mir-199-P3-v1_pre	MI0000242	10817399	10817521
chr19	pre_miRNA	13836289	13836348	-	Hsa-Mir-24-P3_pre	MI0000081	13836259	13836378
chr19	pre_miRNA	13836447	13836508	-	Hsa-Mir-27-P3_pre	MI0000085	13836417	13836538
chr19	pre_miRNA	13836593	13836651	-	Hsa-Mir-23-P3_pre	MI0000079	13836563	13836681
chr19	pre_miRNA	13874725	13874785	+	Hsa-Mir-181-P1c_pre	MI0000271	13874695	13874815
chr19	pre_miRNA	13874910	13874972	+	Hsa-Mir-181-P2c_pre	MI0003139	13874880	13875002
chr19	pre_miRNA	20399284	20399342	-	Hsa-Mir-1270_pre	MI0006407	20399254	20399372
chr19	pre_miRNA	45639007	45639070	-	Hsa-Mir-330-v1_pre	MI0000803	45638977	45639100
chr19	pre_miRNA	45674943	45674999	+	Hsa-Mir-642_pre	MI0003657	45674913	45675029
chr19	pre_miRNA	46018961	46019021	+	Hsa-Mir-769_pre	MI0003834	46018931	46019051
chr19	pre_miRNA	49500798	49500853	-	Hsa-Mir-150_pre	MI0000479	49500768	49500883
chr19	pre_miRNA	51692618	51692677	+	Hsa-Mir-10-P2b_pre	MI0000746	51692588	51692707
chr19	pre_miRNA	51692793	51692859	+	Hsa-Let-7-P1b_pre	MI0000066	51692763	51692889
chr19	pre_miRNA	51693268	51693327	+	Hsa-Mir-10-P3b_pre	MI0000469	51693238	51693357
chr19	pre_miRNA	53666693	53666750	+	Hsa-Mir-430-P8b_pre	MI0003140	53666663	53666780
chr19	pre_miRNA	53669177	53669234	+	Hsa-Mir-430-P8a_pre	MI0003141	53669147	53669264
chr19	pre_miRNA	53671978	53672033	+	Hsa-Mir-430-P9_pre	MI0003786	53671948	53672063
chr19	pre_miRNA	53674230	53674289	+	Hsa-Mir-430-P10_pre	MI0003142	53674200	53674319
chr19	pre_miRNA	53675725	53675785	+	Hsa-Mir-430-P11_pre	MI0003143	53675695	53675815
chr19	pre_miRNA	53679016	53679074	+	Hsa-Mir-430-P12b_pre	MI0003144	53678986	53679104
chr19	pre_miRNA	53679953	53680011	+	Hsa-Mir-430-P13_pre	MI0003145	53679923	53680041
chr19	pre_miRNA	53682173	53682233	+	Hsa-Mir-430-P14_pre	MI0003146	53682143	53682263
chr19	pre_miRNA	53685022	53685080	+	Hsa-Mir-430-P12a_pre	MI0003147	53684992	53685110
chr19	pre_miRNA	53686484	53686543	+	Hsa-Mir-430-P15_pre	MI0003148	53686454	53686573
chr19	pre_miRNA	53688495	53688553	+	Hsa-Mir-430-P16a_pre	MI0003832	53688465	53688583
chr19	pre_miRNA	53690895	53690953	+	Hsa-Mir-430-P17_pre	MI0003149	53690865	53690983
chr19	pre_miRNA	53694406	53694464	+	Hsa-Mir-430-P18_pre	MI0003150	53694376	53694494
chr19	pre_miRNA	53695225	53695284	+	Hsa-Mir-430-P19_pre	MI0003151	53695195	53695314
chr19	pre_miRNA	53697547	53697605	+	Hsa-Mir-430-P20_pre	MI0003152	53697517	53697635
chr19	pre_miRNA	53698400	53698458	+	Hsa-Mir-430-P21_pre	MI0003153	53698370	53698488
chr19	pre_miRNA	53700030	53700088	+	Hsa-Mir-430-P22_pre	MI0003154	53700000	53700118
chr19	pre_miRNA	53701228	53701288	+	Hsa-Mir-430-P23_pre	MI0003155	53701198	53701318
chr19	pre_miRNA	53702750	53702808	+	Hsa-Mir-430-P24_pre	MI0003156	53702720	53702838
chr19	pre_miRNA	53706266	53706324	+	Hsa-Mir-430-P25_pre	MI0003157	53706236	53706354
chr19	pre_miRNA	53707468	53707527	+	Hsa-Mir-430-P26_pre	MI0003158	53707438	53707557
chr19	pre_miRNA	53708759	53708817	+	Hsa-Mir-430-P27_pre	MI0003159	53708729	53708847
chr19	pre_miRNA	53711017	53711075	+	Hsa-Mir-430-P28_pre	MI0003160	53710987	53711105
chr19	pre_miRNA	53712282	53712342	+	Hsa-Mir-430-P29a_pre	MI0003161	53712252	53712372
chr19	pre_miRNA	53713361	53713422	+	Hsa-Mir-430-P30_pre	MI0003162	53713331	53713452
chr19	pre_miRNA	53716608	53716668	+	Hsa-Mir-430-P31a_pre	MI0003163	53716578	53716698
chr19	pre_miRNA	53720111	53720170	+	Hsa-Mir-430-P32_pre	MI0003164	53720081	53720200
chr19	pre_miRNA	53721081	53721139	+	Hsa-Mir-430-P29b_pre	MI0003165	53721051	53721169
chr19	pre_miRNA	53722182	53722241	+	Hsa-Mir-430-P33a_pre	MI0003175	53722152	53722271
chr19	pre_miRNA	53725457	53725514	+	Hsa-Mir-430-P34a_pre	MI0003167	53725427	53725544
chr19	pre_miRNA	53726928	53726982	+	Hsa-Mir-430-P35_pre	MI0003168	53726898	53727012
chr19	pre_miRNA	53729853	53729911	+	Hsa-Mir-430-P36_pre	MI0003169	53729823	53729941
chr19	pre_miRNA	53731019	53731078	+	Hsa-Mir-430-P37a_pre	MI0003170	53730989	53731108
chr19	pre_miRNA	53734892	53734950	+	Hsa-Mir-430-P38_pre	MI0003171	53734862	53734980
chr19	pre_miRNA	53736860	53736922	+	Hsa-Mir-430-P34b_pre	MI0003172	53736830	53736952
chr19	pre_miRNA	53739348	53739407	+	Hsa-Mir-430-P37b_pre	MI0003173	53739318	53739437
chr19	pre_miRNA	53741332	53741390	+	Hsa-Mir-430-P29c_pre	MI0003174	53741302	53741420
chr19	pre_miRNA	53742528	53742587	+	Hsa-Mir-430-P33b_pre	MI0003166	53742498	53742617
chr19	pre_miRNA	53748650	53748710	+	Hsa-Mir-430-P31b_pre	MI0003176	53748620	53748740
chr19	pre_miRNA	53751226	53751285	+	Hsa-Mir-430-P39_pre	MI0003177	53751196	53751315
chr19	pre_miRNA	53752410	53752470	+	Hsa-Mir-430-P40a_pre	MI0003178	53752380	53752500
chr19	pre_miRNA	53754031	53754089	+	Hsa-Mir-430-P37c_pre	MI0003179	53754001	53754119
chr19	pre_miRNA	53756756	53756818	+	Hsa-Mir-430-P41b_pre	MI0003181	53756726	53756848
chr19	pre_miRNA	53758246	53758304	+	Hsa-Mir-430-P16b_pre	MI0006430	53758216	53758334
chr19	pre_miRNA	53761148	53761210	+	Hsa-Mir-430-P41a_pre	MI0003180	53761118	53761240
chr19	pre_miRNA	53762358	53762418	+	Hsa-Mir-430-P40b_pre	MI0003182	53762328	53762448
chr19	pre_miRNA	53787680	53787738	+	Hsa-Mir-430-P5_pre	MI0000779	53787650	53787768
chr19	pre_miRNA	53787895	53787953	+	Hsa-Mir-430-P6_pre	MI0000780	53787865	53787983
chr19	pre_miRNA	53788710	53788770	+	Hsa-Mir-430-P7_pre	MI0000781	53788680	53788800
chr19	pre_miRNA	53982325	53982384	+	Hsa-Mir-935-v1_pre	MI0005757	53982295	53982414
chr2	pre_miRNA	25328651	25328710	-	Hsa-Mir-1301_pre	MI0003815	25328621	25328740
chr2	pre_miRNA	55982984	55983042	-	Hsa-Mir-217-v1_pre	MI0000293	55982954	55983072
chr2	pre_miRNA	55988980	55989041	-	Hsa-Mir-216-P2b_pre	MI0000292	55988950	55989071
chr2	pre_miRNA	56000724	56000785	-	Hsa-Mir-216-P2a_pre	MI0005569	56000694	56000815
chr2	pre_miRNA	69103691	69103748	+	Hsa-Mir-3126_pre	MI0014143	69103661	69103778
chr2	pre_miRNA	96798288	96798345	+	Hsa-Mir-3127_pre	MI0014144	96798258	96798375
chr2	pre_miRNA	135665411	135665466	+	Hsa-Mir-128-P2_pre	MI0000447	135665381	135665496
chr2	pre_miRNA	176150329	176150390	+	Hsa-Mir-10-P1b-v1_pre	MI0000267	176150299	176150420
chr2	pre_miRNA	188297517	188297573	+	Hsa-Mir-561_pre	MI0003567	188297487	188297603
chr2	pre_miRNA	207109997	207110063	-	Hsa-Mir-2355_pre	MI0015873	207109967	207110093
chr2	pre_miRNA	218402657	218402713	+	Hsa-Mir-26-P2_pre	MI0000084	218402627	218402743
chr2	pre_miRNA	219001648	219001704	-	Hsa-Mir-375_pre	MI0000783	219001618	219001734
chr2	pre_miRNA	219294126	219294185	-	Hsa-Mir-153-P2_pre	MI0000463	219294096	219294215
chr2	pre_miRNA	239351732	239351793	-	Hsa-Mir-2467_pre	MI0017432	239351702	239351823
chr2	pre_miRNA	240456015	240456076	+	Hsa-Mir-149_pre	MI0000478	240455985	240456106
chr20	pre_miRNA	3917504	3917563	+	Hsa-Mir-103-P2_pre	MI0000108	3917474	3917593
chr20	pre_miRNA	34990408	34990466	+	Hsa-Mir-499_pre	MI0003183	34990378	34990496
chr20	pre_miRNA	45705109	45705171	-	Hsa-Mir-3617_pre	MI0016007	45705079	45705201
chr20	pre_miRNA	51452912	51452968	-	Hsa-Mir-3194_pre	MI0014239	51452882	51452998
chr20	pre_miRNA	58817626	58817681	-	Hsa-Mir-296_pre	MI0000747	58817596	58817711
chr20	pre_miRNA	62554312	62554372	+	Hsa-Mir-1-P3_pre	MI0000651	62554282	62554402
chr20	pre_miRNA	62564933	62564992	+	Hsa-Mir-133-P3-v1_pre	MI0000451	62564903	62565022
chr20	pre_miRNA	63178514	63178573	+	Hsa-Mir-124-P3-v1_pre	MI0000445	63178484	63178603
chr20	pre_miRNA	63941475	63941532	-	Hsa-Mir-1914_pre	MI0008335	63941445	63941562
chr21	pre_miRNA	16539101	16539159	+	Hsa-Mir-10-P2c_pre	MI0000101	16539071	16539189
chr21	pre_miRNA	16539838	16539904	+	Hsa-Let-7-P1c_pre	MI0000064	16539808	16539934
chr21	pre_miRNA	16590253	16590313	+	Hsa-Mir-10-P3c_pre	MI0000470	16590223	16590343
chr21	pre_miRNA	25573983	25574043	+	Hsa-Mir-155_pre	MI0000681	25573953	25574073
chr21	pre_miRNA	35720731	35720791	+	Hsa-Mir-459_pre	MI0003906	35720701	35720821
chr22	pre_miRNA	20033153	20033208	+	Hsa-Mir-185_pre	MI0000482	20033123	20033238
chr22	pre_miRNA	20086072	20086132	+	Hsa-Mir-1306_pre	MI0006443	20086042	20086162
chr22	pre_miRNA	20249145	20249200	-	Hsa-Mir-1286_pre	MI0006348	20249115	20249230
chr22	pre_miRNA	21652990	21653049	+	Hsa-Mir-130-P2a_pre	MI0005568	21652960	21653079
chr22	pre_miRNA	21653316	21653375	+	Hsa-Mir-130-P4a_pre	MI0000748	21653286	21653405
chr22	pre_miRNA	35335670	35335731	+	Hsa-Mir-3909_pre	MI0016413	35335640	35335761
chr22	pre_miRNA	40813892	40813947	-	Hsa-Mir-4766_pre	MI0017407	40813862	40813977
chr22	pre_miRNA	41900949	41901009	+	Hsa-Mir-33-P3_pre	MI0000091	41900919	41901039
chr22	pre_miRNA	45200958	45201016	-	Hsa-Mir-1249_pre	MI0006384	45200928	45201046
chr22	pre_miRNA	46091059	46091112	+	Hsa-Mir-3619_pre	MI0016009	46091029	46091142
chr22	pre_miRNA	46112752	46112820	+	Hsa-Let-7-P2a2_pre	MI0000062	46112722	46112850
chr22	pre_miRNA	46113691	46113765	+	Hsa-Let-7-P2b2_pre	MI0000063	46113661	46113795
chr3	pre_miRNA	10394499	10394552	-	Hsa-Mir-885_pre	MI0005560	10394469	10394582
chr3	pre_miRNA	35744490	35744547	+	Hsa-Mir-128-P1_pre	MI0000727	35744460	35744577
chr3	pre_miRNA	37969413	37969473	+	Hsa-Mir-26-P1_pre	MI0000083	37969383	37969503
chr3	pre_miRNA	44114234	44114294	+	Hsa-Mir-138-P1_pre	MI0000476	44114204	44114324
chr3	pre_miRNA	48316380	48316439	-	Hsa-Mir-2115_pre	MI0010634	48316350	48316469
chr3	pre_miRNA	49020159	49020221	-	Hsa-Mir-425_pre	MI0001448	49020129	49020251
chr3	pre_miRNA	49020631	49020694	-	Hsa-Mir-191_pre	MI0000465	49020601	49020724
chr3	pre_miRNA	52268280	52268357	-	Hsa-Let-7-P2c3_pre	MI0000433	52268250	52268387
chr3	pre_miRNA	52294233	52294292	-	Hsa-Mir-135-P1_pre	MI0000452	52294203	52294322
chr3	pre_miRNA	69048965	69049026	-	Hsa-Mir-3136_pre	MI0014158	69048935	69049056
chr3	pre_miRNA	120084575	120084635	-	Hsa-Mir-6529_pre		120084545	120084665
chr3	pre_miRNA	160404607	160404666	+	Hsa-Mir-15-P1b_pre	MI0000438	160404577	160404696
chr3	pre_miRNA	160404754	160404818	+	Hsa-Mir-15-P2b_pre	MI0000115	160404724	160404848
chr3	pre_miRNA	168551875	168551934	+	Hsa-Mir-551-P2_pre	MI0003575	168551845	168551964
chr3	pre_miRNA	188688794	188688855	+	Hsa-Mir-28_pre	MI0000086	188688764	188688885
chr3	pre_miRNA	189829937	189829996	+	Hsa-Mir-944_pre	MI0005769	189829907	189830026
chr4	pre_miRNA	7310459	7310517	+	Hsa-Mir-4798_pre	MI0017445	7310429	7310547
chr4	pre_miRNA	8005312	8005368	-	Hsa-Mir-95_pre	MI0000097	8005282	8005398
chr4	pre_miRNA	10078620	10078681	-	Hsa-Mir-3138_pre	MI0014161	10078590	10078711
chr4	pre_miRNA	20528299	20528362	+	Hsa-Mir-218-P2_pre	MI0000294	20528269	20528392
chr4	pre_miRNA	38868056	38868113	+	Hsa-Mir-574_pre	MI0003581	38868026	38868143
chr4	pre_miRNA	66276848	66276911	+	Hsa-Mir-1269_pre	MI0006406	66276818	66276941
chr4	pre_miRNA	75973882	75973940	-	Hsa-Mir-12463_pre		75973852	75973970
chr4	pre_miRNA	109488713	109488774	+	Hsa-Mir-576_pre	MI0003583	109488683	109488804
chr4	pre_miRNA	112647877	112647936	-	Hsa-Mir-92-P2a_pre	MI0000775	112647847	112647966
chr4	pre_miRNA	112648006	112648066	-	Hsa-Mir-430-P4_pre	MI0000774	112647976	112648096
chr4	pre_miRNA	112648186	112648246	-	Hsa-Mir-430-P3_pre	MI0000738	112648156	112648276
chr4	pre_miRNA	112648366	112648425	-	Hsa-Mir-430-P2_pre	MI0000773	112648336	112648455
chr4	pre_miRNA	112648489	112648547	-	Hsa-Mir-430-P1_pre	MI0000772	112648459	112648577
chr4	pre_miRNA	114656773	114656831	+	Hsa-Mir-577_pre	MI0003584	114656743	114656861
chr4	pre_miRNA	152489337	152489405	-	Hsa-Mir-3140_pre	MI0014163	152489307	152489435
chr5	pre_miRNA	14825932	14826007	-	Hsa-Mir-4637_pre	MI0017264	14825902	14826037
chr5	pre_miRNA	15935189	15935253	+	Hsa-Mir-887_pre	MI0005562	15935159	15935283
chr5	pre_miRNA	32394392	32394451	-	Hsa-Mir-579_pre	MI0003586	32394362	32394481
chr5	pre_miRNA	36147907	36147967	-	Hsa-Mir-580_pre	MI0003587	36147877	36147997
chr5	pre_miRNA	55170546	55170607	-	Hsa-Mir-34-P3c_pre	MI0001648	55170516	55170637
chr5	pre_miRNA	55170668	55170727	-	Hsa-Mir-34-P3b_pre	MI0003673	55170638	55170757
chr5	pre_miRNA	55172279	55172336	-	Hsa-Mir-34-P3a-v1_pre	MI0003823	55172249	55172366
chr5	pre_miRNA	55508859	55508916	-	Hsa-Mir-5687_pre	MI0019291	55508829	55508946
chr5	pre_miRNA	59703629	59703688	-	Hsa-Mir-582-v1_pre	MI0003589	59703599	59703718
chr5	pre_miRNA	88666865	88666924	-	Hsa-Mir-9-P2_pre	MI0000467	88666835	88666954
chr5	pre_miRNA	137647581	137647640	-	Hsa-Mir-874_pre	MI0005532	137647551	137647670
chr5	pre_miRNA	149062333	149062394	-	Hsa-Mir-584_pre	MI0003591	149062303	149062424
chr5	pre_miRNA	149428944	149428998	+	Hsa-Mir-143_pre	MI0000459	149428914	149429028
chr5	pre_miRNA	149430661	149430720	+	Hsa-Mir-145_pre	MI0000461	149430631	149430750
chr5	pre_miRNA	149732829	149732888	+	Hsa-Mir-378_pre	MI0000786	149732799	149732918
chr5	pre_miRNA	154347153	154347211	+	Hsa-Mir-1294_pre	MI0006356	154347123	154347241
chr5	pre_miRNA	160485372	160485428	+	Hsa-Mir-146-P4_pre	MI0000477	160485342	160485458
chr5	pre_miRNA	168560904	168560963	-	Hsa-Mir-103-P4_pre	MI0000109	168560874	168560993
chr5	pre_miRNA	168768168	168768231	-	Hsa-Mir-218-P4_pre	MI0000295	168768138	168768261
chr5	pre_miRNA	169263613	169263670	-	Hsa-Mir-585_pre	MI0003592	169263583	169263700
chr5	pre_miRNA	176367960	176368017	+	Hsa-Mir-1271_pre	MI0003814	176367930	176368047
chr5	pre_miRNA	180015318	180015382	-	Hsa-Mir-340_pre	MI0000802	180015288	180015412
chr6	pre_miRNA	30584332	30584417	+	Hsa-Mir-877_pre	MI0005561	30584302	30584447
chr6	pre_miRNA	33207855	33207917	+	Hsa-Mir-219-P3_pre	MI0000296	33207825	33207947
chr6	pre_miRNA	33698152	33698212	+	Hsa-Mir-3934_pre	MI0016590	33698122	33698242
chr6	pre_miRNA	52144363	52144422	+	Hsa-Mir-1-P2_pre	MI0000490	52144333	52144452
chr6	pre_miRNA	52148951	52149009	+	Hsa-Mir-133-P2-v1_pre	MI0000822	52148921	52149039
chr6	pre_miRNA	71376964	71377025	-	Hsa-Mir-30-P2b_pre	MI0000254	71376934	71377055
chr6	pre_miRNA	71403554	71403616	-	Hsa-Mir-30-P1b_pre	MI0000088	71403524	71403646
chr6	pre_miRNA	120015190	120015248	+	Hsa-Mir-3144-v1_pre	MI0014169	120015160	120015278
chr6	pre_miRNA	138435222	138435283	-	Hsa-Mir-3145_pre	MI0014170	138435192	138435313
chr6	pre_miRNA	166509364	166509422	-	Hsa-Mir-1913_pre	MI0008334	166509334	166509452
chr7	pre_miRNA	1022955	1023012	-	Hsa-Mir-339_pre	MI0000815	1022925	1023042
chr7	pre_miRNA	5495834	5495894	-	Hsa-Mir-589_pre	MI0003599	5495804	5495924
chr7	pre_miRNA	19705365	19705427	-	Hsa-Mir-3146_pre	MI0014172	19705335	19705457
chr7	pre_miRNA	25949922	25949981	-	Hsa-Mir-148-P1_pre	MI0000253	25949892	25950011
chr7	pre_miRNA	27169492	27169549	-	Hsa-Mir-196-P1_pre	MI0001150	27169462	27169579
chr7	pre_miRNA	29680747	29680808	-	Hsa-Mir-550-P2a_pre	MI0003762	29680717	29680838
chr7	pre_miRNA	30289815	30289876	+	Hsa-Mir-550-P1_pre	MI0003600	30289785	30289906
chr7	pre_miRNA	32733002	32733063	+	Hsa-Mir-550-P2b_pre	MI0003601	32732972	32733093
chr7	pre_miRNA	74191213	74191273	+	Hsa-Mir-590_pre	MI0003602	74191183	74191303
chr7	pre_miRNA	93482784	93482840	-	Hsa-Mir-653_pre	MI0003674	93482754	93482870
chr7	pre_miRNA	93483947	93484006	-	Hsa-Mir-489-v1_pre	MI0003124	93483917	93484036
chr7	pre_miRNA	100093571	100093630	-	Hsa-Mir-92-P2d_pre	MI0000082	100093541	100093660
chr7	pre_miRNA	100093776	100093837	-	Hsa-Mir-17-P4d_pre	MI0000095	100093746	100093867
chr7	pre_miRNA	100094002	100094063	-	Hsa-Mir-17-P1d_pre	MI0000734	100093972	100094093
chr7	pre_miRNA	127058109	127058169	-	Hsa-Mir-592_pre	MI0003604	127058079	127058199
chr7	pre_miRNA	128207876	128207941	+	Hsa-Mir-129-P2_pre	MI0000252	128207846	128207971
chr7	pre_miRNA	129770406	129770470	-	Hsa-Mir-96-P2_pre	MI0000272	129770376	129770500
chr7	pre_miRNA	129774698	129774761	-	Hsa-Mir-96-P1_pre	MI0000098	129774668	129774791
chr7	pre_miRNA	129774927	129774988	-	Hsa-Mir-96-P3-v1_pre	MI0000273	129774897	129775018
chr7	pre_miRNA	130496126	130496183	+	Hsa-Mir-335_pre	MI0000816	130496096	130496213
chr7	pre_miRNA	130876748	130876807	-	Hsa-Mir-29-P2b_pre	MI0000087	130876718	130876837
chr7	pre_miRNA	130877467	130877530	-	Hsa-Mir-29-P1b-v1_pre	MI0000105	130877437	130877560
chr7	pre_miRNA	136903205	136903264	+	Hsa-Mir-490_pre	MI0003125	136903175	136903294
chr7	pre_miRNA	151238449	151238508	+	Hsa-Mir-671_pre	MI0003760	151238419	151238538
chr7	pre_miRNA	157574349	157574409	-	Hsa-Mir-153-P1_pre	MI0000464	157574319	157574439
chr8	pre_miRNA	9903399	9903459	-	Hsa-Mir-124-P2-v1_pre	MI0000443	9903369	9903489
chr8	pre_miRNA	11035221	11035279	-	Hsa-Mir-598_pre	MI0003610	11035191	11035309
chr8	pre_miRNA	14853443	14853504	-	Hsa-Mir-383-v1_pre	MI0000791	14853413	14853534
chr8	pre_miRNA	22244975	22245028	-	Hsa-Mir-320-P1_pre	MI0000542	22244945	22245058
chr8	pre_miRNA	27701690	27701748	+	Hsa-Mir-3622_pre	MI0016013	27701660	27701778
chr8	pre_miRNA	41660442	41660505	-	Hsa-Mir-486_pre	MI0002470	41660412	41660535
chr8	pre_miRNA	64379173	64379231	+	Hsa-Mir-124-P1-v1_pre	MI0000444	64379143	64379261
chr8	pre_miRNA	91205494	91205552	+	Hsa-Mir-4661_pre	MI0017289	91205464	91205582
chr8	pre_miRNA	99536649	99536707	-	Hsa-Mir-599_pre	MI0003611	99536619	99536737
chr8	pre_miRNA	99536796	99536851	-	Hsa-Mir-875_pre	MI0005541	99536766	99536881
chr8	pre_miRNA	124821990	124822048	+	Hsa-Mir-4662_pre	MI0017293	124821960	124822078
chr8	pre_miRNA	134800532	134800591	-	Hsa-Mir-30-P2a_pre	MI0000441	134800502	134800621
chr8	pre_miRNA	134804879	134804940	-	Hsa-Mir-30-P1a_pre	MI0000255	134804849	134804970
chr8	pre_miRNA	140732587	140732643	-	Hsa-Mir-151_pre	MI0000809	140732557	140732673
chr8	pre_miRNA	143733089	143733144	-	Hsa-Mir-4664_pre	MI0017294	143733059	143733174
chr9	pre_miRNA	4850308	4850366	+	Hsa-Mir-101-P2-v1_pre	MI0000739	4850278	4850396
chr9	pre_miRNA	20716120	20716175	+	Hsa-Mir-491_pre	MI0003126	20716090	20716205
chr9	pre_miRNA	21512120	21512178	-	Hsa-Mir-31_pre	MI0000089	21512090	21512208
chr9	pre_miRNA	28863636	28863694	-	Hsa-Mir-876-v1_pre	MI0005542	28863606	28863724
chr9	pre_miRNA	28888888	28888946	-	Hsa-Mir-873-v1_pre	MI0005564	28888858	28888976
chr9	pre_miRNA	70809993	70810052	-	Hsa-Mir-204-P2_pre	MI0000284	70809963	70810082
chr9	pre_miRNA	83969771	83969834	-	Hsa-Mir-7-P2_pre	MI0000263	83969741	83969864
chr9	pre_miRNA	94175962	94176033	+	Hsa-Let-7-P2a1_pre	MI0000060	94175932	94176063
chr9	pre_miRNA	94176353	94176429	+	Hsa-Let-7-P2b1_pre	MI0000067	94176323	94176459
chr9	pre_miRNA	94178841	94178915	+	Hsa-Let-7-P2c1_pre	MI0000065	94178811	94178945
chr9	pre_miRNA	95085227	95085287	+	Hsa-Mir-23-P2_pre	MI0000439	95085197	95085317
chr9	pre_miRNA	95085463	95085525	+	Hsa-Mir-27-P2_pre	MI0000440	95085433	95085555
chr9	pre_miRNA	95086026	95086085	+	Hsa-Mir-24-P2_pre	MI0000080	95085996	95086115
chr9	pre_miRNA	109046232	109046293	-	Hsa-Mir-32_pre	MI0000090	109046202	109046323
chr9	pre_miRNA	114209449	114209506	+	Hsa-Mir-455-v1_pre	MI0003513	114209419	114209536
chr9	pre_miRNA	124692480	124692539	+	Hsa-Mir-181-P1b_pre	MI0000269	124692450	124692569
chr9	pre_miRNA	124693725	124693784	+	Hsa-Mir-181-P2b_pre	MI0000683	124693695	124693814
chr9	pre_miRNA	128244745	128244805	-	Hsa-Mir-199-P2-v1_pre	MI0000282	128244715	128244835
chr9	pre_miRNA	128392632	128392696	-	Hsa-Mir-219-P2_pre	MI0000740	128392602	128392726
chr9	pre_miRNA	128392634	128392698	+	Hsa-Mir-219-P2-as_pre	MI0017299	128392604	128392728
chr9	pre_miRNA	136670616	136670674	+	Hsa-Mir-126-P2-v1_pre	MI0000471	136670586	136670704
chrX	pre_miRNA	1293927	1293985	+	Hsa-Mir-3690_pre	MI0016091	1293897	1294015
chrX	pre_miRNA	8126980	8127039	+	Hsa-Mir-651_pre	MI0003666	8126950	8127069
chrX	pre_miRNA	45746180	45746242	-	Hsa-Mir-221-P2a_pre	MI0000298	45746150	45746272
chrX	pre_miRNA	45747033	45747096	-	Hsa-Mir-221-P1a_pre	MI0000299	45747003	45747126
chrX	pre_miRNA	50003167	50003225	+	Hsa-Mir-188-P1_pre	MI0003205	50003137	50003255
chrX	pre_miRNA	50003517	50003576	+	Hsa-Mir-188-P2_pre	MI0000484	50003487	50003606
chrX	pre_miRNA	50008443	50008504	+	Hsa-Mir-362-P3a-v1_pre	MI0003184	50008413	50008534
chrX	pre_miRNA	50008968	50009026	+	Hsa-Mir-362-P4_pre	MI0000762	50008938	50009056
chrX	pre_miRNA	50009735	50009794	+	Hsa-Mir-362-P5_pre	MI0003185	50009705	50009824
chrX	pre_miRNA	50010681	50010742	+	Hsa-Mir-362-P3b_pre	MI0015903	50010651	50010772
chrX	pre_miRNA	50013256	50013314	+	Hsa-Mir-188-P3_pre	MI0003684	50013226	50013344
chrX	pre_miRNA	50014612	50014671	+	Hsa-Mir-362-P6_pre	MI0003186	50014582	50014701
chrX	pre_miRNA	53556242	53556320	-	Hsa-Let-7-P2b3_pre	MI0000100	53556212	53556350
chrX	pre_miRNA	53557197	53557267	-	Hsa-Let-7-P2a3_pre	MI0000068	53557167	53557297
chrX	pre_miRNA	66018895	66018959	+	Hsa-Mir-223-v1_pre	MI0000300	66018865	66018989
chrX	pre_miRNA	70022863	70022919	+	Hsa-Mir-676_pre	MI0016436	70022833	70022949
chrX	pre_miRNA	74218392	74218448	-	Hsa-Mir-421-P2_pre	MI0003685	74218362	74218478
chrX	pre_miRNA	74218557	74218608	-	Hsa-Mir-374-P2_pre	MI0005566	74218527	74218638
chrX	pre_miRNA	74287125	74287187	-	Hsa-Mir-421-P1-v1_pre	MI0003516	74287095	74287217
chrX	pre_miRNA	74287295	74287346	-	Hsa-Mir-374-P1_pre	MI0000782	74287265	74287376
chrX	pre_miRNA	77005427	77005486	-	Hsa-Mir-325_pre	MI0000824	77005397	77005516
chrX	pre_miRNA	85903639	85903702	-	Hsa-Mir-361-v1_pre	MI0000760	85903609	85903732
chrX	pre_miRNA	110055348	110055409	+	Hsa-Mir-652_pre	MI0003667	110055318	110055439
chrX	pre_miRNA	114651556	114651610	+	Hsa-Mir-1912_pre	MI0008333	114651526	114651640
chrX	pre_miRNA	114652655	114652717	+	Hsa-Mir-1264_pre	MI0003758	114652625	114652747
chrX	pre_miRNA	114715250	114715325	+	Hsa-Mir-1298_pre	MI0003938	114715220	114715355
chrX	pre_miRNA	114763195	114763253	+	Hsa-Mir-1911_pre	MI0008332	114763165	114763283
chrX	pre_miRNA	114823465	114823543	+	Hsa-Mir-448_pre	MI0001637	114823435	114823573
chrX	pre_miRNA	118386404	118386461	+	Hsa-Mir-1277_pre	MI0006419	118386374	118386491
chrX	pre_miRNA	119646763	119646820	-	Hsa-Mir-766_pre	MI0003836	119646733	119646850
chrX	pre_miRNA	134169382	134169446	-	Hsa-Mir-92-P2c_pre	MI0000764	134169352	134169476
chrX	pre_miRNA	134169544	134169604	-	Hsa-Mir-92-P1c_pre	MI0000094	134169514	134169634
chrX	pre_miRNA	134169683	134169748	-	Hsa-Mir-19-P2c_pre	MI0000075	134169653	134169778
chrX	pre_miRNA	134169812	134169872	-	Hsa-Mir-17-P4c_pre	MI0001519	134169782	134169902
chrX	pre_miRNA	134170042	134170106	-	Hsa-Mir-17-P2c_pre	MI0001518	134170012	134170136
chrX	pre_miRNA	134170208	134170266	-	Hsa-Mir-17-P1c_pre	MI0000113	134170178	134170296
chrX	pre_miRNA	134540195	134540252	-	Hsa-Mir-450-P3_pre	MI0005531	134540165	134540282
chrX	pre_miRNA	134540358	134540414	-	Hsa-Mir-450-P2_pre	MI0001652	134540328	134540444
chrX	pre_miRNA	134540529	134540585	-	Hsa-Mir-450-P1_pre	MI0003187	134540499	134540615
chrX	pre_miRNA	134541364	134541422	-	Hsa-Mir-542-v1_pre	MI0003686	134541334	134541452
chrX	pre_miRNA	134546331	134546393	-	Hsa-Mir-15-P2c_pre	MI0003188	134546301	134546423
chrX	pre_miRNA	134546643	134546701	-	Hsa-Mir-15-P1c_pre	MI0001446	134546613	134546731
chrX	pre_miRNA	136550892	136550948	+	Hsa-Mir-934_pre	MI0005756	136550862	136550978
chrX	pre_miRNA	138667723	138667781	-	Hsa-Mir-504-v1_pre	MI0003189	138667693	138667811
chrX	pre_miRNA	139924159	139924217	-	Hsa-Mir-505-v1_pre	MI0003190	139924129	139924247
chrX	pre_miRNA	145992760	145992816	-	Hsa-Mir-506-P6e_pre	MI0022560	145992730	145992846
chrX	pre_miRNA	145994285	145994341	-	Hsa-Mir-506-P6d_pre	MI0005533	145994255	145994371
chrX	pre_miRNA	145994794	145994850	-	Hsa-Mir-506-P6c_pre	MI0005537	145994764	145994880
chrX	pre_miRNA	145996678	145996734	-	Hsa-Mir-506-P6b_pre	MI0005528	145996648	145996764
chrX	pre_miRNA	145997208	145997264	-	Hsa-Mir-506-P6a_pre	MI0005538	145997178	145997294
chrX	pre_miRNA	147189717	147189774	-	Hsa-Mir-506-P5c_pre	MI0006649	147189687	147189804
chrX	pre_miRNA	147199057	147199114	-	Hsa-Mir-506-P5b_pre	MI0006648	147199027	147199144
chrX	pre_miRNA	147213498	147213555	-	Hsa-Mir-506-P5a2_pre	MI0003191	147213468	147213585
chrX	pre_miRNA	147225860	147225917	-	Hsa-Mir-506-P5a1_pre	MI0003192	147225830	147225947
chrX	pre_miRNA	147230753	147230809	-	Hsa-Mir-506-P4_pre	MI0003193	147230723	147230839
chrX	pre_miRNA	147231002	147231059	-	Hsa-Mir-506-P2b_pre	MI0003194	147230972	147231089
chrX	pre_miRNA	147236945	147237002	-	Hsa-Mir-506-P3_pre	MI0003195	147236915	147237032
chrX	pre_miRNA	147250161	147250218	-	Hsa-Mir-506-P1e_pre	MI0014251	147250131	147250248
chrX	pre_miRNA	147255308	147255368	-	Hsa-Mir-506-P1d_pre		147255278	147255398
chrX	pre_miRNA	147258774	147258831	-	Hsa-Mir-506-P1c3_pre	MI0005530	147258744	147258861
chrX	pre_miRNA	147259661	147259717	-	Hsa-Mir-506-P1c2_pre	MI0005717	147259631	147259747
chrX	pre_miRNA	147260549	147260606	-	Hsa-Mir-506-P1c1_pre	MI0003196	147260519	147260636
chrX	pre_miRNA	147272342	147272399	-	Hsa-Mir-506-P1b_pre	MI0003197	147272312	147272429
chrX	pre_miRNA	147279266	147279323	-	Hsa-Mir-506-P1a3_pre	MI0003198	147279236	147279353
chrX	pre_miRNA	147281957	147282014	-	Hsa-Mir-506-P1a1_pre	MI0003200	147281927	147282044
chrX	pre_miRNA	147284655	147284712	-	Hsa-Mir-506-P1a2_pre	MI0003199	147284625	147284742
chrX	pre_miRNA	150228016	150228074	+	Hsa-Mir-2114_pre	MI0010633	150227986	150228104
chrX	pre_miRNA	151958583	151958651	-	Hsa-Mir-224_pre	MI0000301	151958553	151958681
chrX	pre_miRNA	151959639	151959699	-	Hsa-Mir-452-v1_pre	MI0001733	151959609	151959729
chrX	pre_miRNA	152392229	152392287	-	Hsa-Mir-105-P2_pre	MI0000111	152392199	152392317
chrX	pre_miRNA	152394422	152394480	-	Hsa-Mir-105-P1_pre	MI0000112	152394392	152394510
