species_column	common_name	scientific_name	genus	species	rank	parent_taxid	lineage	taxid
Hsa	Human	Homo sapiens	Homo	sapiens	species	9605	cellular organisms; Eukaryota; Opisthokonta; Metazoa; Eumetazoa; Bilateria; Deuterostomia; Chordata; Craniata; Vertebrata; Gnathostomata; Teleostomi; Euteleostomi; Sarcopterygii; Dipnotetrapodomorpha; Tetrapoda; Amniota; Mammalia; Theria; Eutheria; Boreoeutheria; Euarchontoglires; Primates; Haplorrhini; Simiiformes; Catarrhini; Hominoidea; Hominidae; Homininae; Homo	9606
Aae	Yellow fever mosquito	Aedes aegypti	Aedes	aegypti	species	53541	cellular organisms; Eukaryota; Opisthokonta; Metazoa; Eumetazoa; Bilateria; Protostomia; Ecdysozoa; Panarthropoda; Arthropoda; Mandibulata; Pancrustacea; Altocrustacea; Allotriocarida; Hexapoda; Insecta; Dicondylia; Pterygota; Neoptera; Eumetabola; Endopterygota; Aparaglossata; Panorpida; Diptera; Nematocera; Culicomorpha; Culicoidea; Culicidae; Culicinae; Aedini; Aedes; Stegomyia	7159
Aca	Green anole lizard	Anolis carolinensis	Anolis	carolinensis	species	28376	cellular organisms; Eukaryota; Opisthokonta; Metazoa; Eumetazoa; Bilateria; Deuterostomia; Chordata; Craniata; Vertebrata; Gnathostomata; Teleostomi; Euteleostomi; Sarcopterygii; Dipnotetrapodomorpha; Tetrapoda; Amniota; Sauropsida; Sauria; Lepidosauria; Squamata; Bifurcata; Unidentata; Episquamata; Toxicofera; Iguania; Anolidae; Anolis	28377
Adi	Stony coral	Acropora digitifera	Acropora	digitifera	species	6127	cellular organisms; Eukaryota; Opisthokonta; Metazoa; Eumetazoa; Cnidaria; Anthozoa; Hexacorallia; Scleractinia; Refertina; Acroporidae; Acropora	70779
Aga	African malaria mosquito	Anopheles gambiae	Anopheles	gambiae	species	44542	cellular organisms; Eukaryota; Opisthokonta; Metazoa; Eumetazoa; Bilateria; Protostomia; Ecdysozoa; Panarthropoda; Arthropoda; Mandibulata; Pancrustacea; Altocrustacea; Allotriocarida; Hexapoda; Insecta; Dicondylia; Pterygota; Neoptera; Eumetabola; Endopterygota; Aparaglossata; Panorpida; Diptera; Nematocera; Culicomorpha; Culicoidea; Culicidae; Anophelinae; Anopheles; Cellia; Pyretophorus; gambiae species complex	7165
Agr	West Indian fuzzy chiton	Acanthopleura granulata	Acanthopleura	granulata	species	61362	cellular organisms; Eukaryota; Opisthokonta; Metazoa; Eumetazoa; Bilateria; Protostomia; Spiralia; Lophotrochozoa; Mollusca; Polyplacophora; Neoloricata; Chitonida; Chitonina; Chitonidae; Acanthopleurinae; Acanthopleura	61363
Ami	American alligator	Alligator mississippiensis	Alligator	mississippiensis	species	8495	cellular organisms; Eukaryota; Opisthokonta; Metazoa; Eumetazoa; Bilateria; Deuterostomia; Chordata; Craniata; Vertebrata; Gnathostomata; Teleostomi; Euteleostomi; Sarcopterygii; Dipnotetrapodomorpha; Tetrapoda; Amniota; Sauropsida; Sauria; Archelosauria; Archosauria; Crocodylia; Alligatoridae; Alligatorinae; Alligator	8496
Aqu	Amphimedon	Amphimedon queenslandica	Amphimedon	queenslandica	species	178513	cellular organisms; Eukaryota; Opisthokonta; Metazoa; Porifera; Demospongiae; Heteroscleromorpha; Haplosclerida; Niphatidae; Amphimedon	400682
Asp	Deep-sea anemone	unclassified Actinernus	Actinernus		no rank	1499595	cellular organisms; Eukaryota; Opisthokonta; Metazoa; Eumetazoa; Cnidaria; Anthozoa; Hexacorallia; Actiniaria; Endocoelantheae; Actinernidae; Actinernus	2984946
Asu	Large roundworm	Ascaris suum	Ascaris	suum	species	6251	cellular organisms; Eukaryota; Opisthokonta; Metazoa; Eumetazoa; Bilateria; Protostomia; Ecdysozoa; Nematoda; Chromadorea; Rhabditida; Spirurina; Ascaridomorpha; Ascaridoidea; Ascarididae; Ascaris	6253
Ava	Bdelloid rotifer	Adineta vaga	Adineta	vaga	species	104781	cellular organisms; Eukaryota; Opisthokonta; Metazoa; Eumetazoa; Bilateria; Protostomia; Spiralia; Gnathifera; Rotifera; Eurotatoria; Bdelloidea; Adinetida; Adinetidae; Adineta	104782
Bfl	Florida lancelet	Branchiostoma floridae	Branchiostoma	floridae	species	7737	cellular organisms; Eukaryota; Opisthokonta; Metazoa; Eumetazoa; Bilateria; Deuterostomia; Chordata; Cephalochordata; Leptocardii; Amphioxiformes; Branchiostomatidae; Branchiostoma	7739
Bge	Cockroach	Blattella germanica	Blattella	germanica	species	6972	cellular organisms; Eukaryota; Opisthokonta; Metazoa; Eumetazoa; Bilateria; Protostomia; Ecdysozoa; Panarthropoda; Arthropoda; Mandibulata; Pancrustacea; Altocrustacea; Allotriocarida; Hexapoda; Insecta; Dicondylia; Pterygota; Neoptera; Polyneoptera; Dictyoptera; Blattodea; Blaberoidea; Blattellidae; Blattella	6973
Bko	Monogonont Rotifer 2	Brachionus koreanus	Brachionus	koreanus	species	10194	cellular organisms; Eukaryota; Opisthokonta; Metazoa; Eumetazoa; Bilateria; Protostomia; Spiralia; Gnathifera; Rotifera; Eurotatoria; Monogononta; Pseudotrocha; Ploima; Brachionidae; Brachionus	1199090
Bla	European lancelet	Branchiostoma lanceolatum	Branchiostoma	lanceolatum	species	7737	cellular organisms; Eukaryota; Opisthokonta; Metazoa; Eumetazoa; Bilateria; Deuterostomia; Chordata; Cephalochordata; Leptocardii; Amphioxiformes; Branchiostomatidae; Branchiostoma	7740
Bpl	Monogonont Rotifer 1	Brachionus plicatilis	Brachionus	plicatilis	species	10194	cellular organisms; Eukaryota; Opisthokonta; Metazoa; Eumetazoa; Bilateria; Protostomia; Spiralia; Gnathifera; Rotifera; Eurotatoria; Monogononta; Pseudotrocha; Ploima; Brachionidae; Brachionus	10195
Bta	Cow	Bos taurus	Bos	taurus	species	9903	cellular organisms; Eukaryota; Opisthokonta; Metazoa; Eumetazoa; Bilateria; Deuterostomia; Chordata; Craniata; Vertebrata; Gnathostomata; Teleostomi; Euteleostomi; Sarcopterygii; Dipnotetrapodomorpha; Tetrapoda; Amniota; Mammalia; Theria; Eutheria; Boreoeutheria; Laurasiatheria; Artiodactyla; Ruminantia; Pecora; Bovidae; Bovinae; Bos	9913
Cbr	Roundworm	Caenorhabditis briggsae	Caenorhabditis	briggsae	species	6237	cellular organisms; Eukaryota; Opisthokonta; Metazoa; Eumetazoa; Bilateria; Protostomia; Ecdysozoa; Nematoda; Chromadorea; Rhabditida; Rhabditina; Rhabditomorpha; Rhabditoidea; Rhabditidae; Peloderinae; Caenorhabditis	6238
Cel	Roundworm	Caenorhabditis elegans	Caenorhabditis	elegans	species	6237	cellular organisms; Eukaryota; Opisthokonta; Metazoa; Eumetazoa; Bilateria; Protostomia; Ecdysozoa; Nematoda; Chromadorea; Rhabditida; Rhabditina; Rhabditomorpha; Rhabditoidea; Rhabditidae; Peloderinae; Caenorhabditis	6239
Cfa	Dog	Canis lupus familiaris	Canis		subspecies	9612	cellular organisms; Eukaryota; Opisthokonta; Metazoa; Eumetazoa; Bilateria; Deuterostomia; Chordata; Craniata; Vertebrata; Gnathostomata; Teleostomi; Euteleostomi; Sarcopterygii; Dipnotetrapodomorpha; Tetrapoda; Amniota; Mammalia; Theria; Eutheria; Boreoeutheria; Laurasiatheria; Carnivora; Caniformia; Canidae; Canis; Canis lupus	9615
Cin	Sea Squirt	Ciona intestinalis	Ciona	intestinalis	species	7718	cellular organisms; Eukaryota; Opisthokonta; Metazoa; Eumetazoa; Bilateria; Deuterostomia; Chordata; Tunicata; Ascidiacea; Phlebobranchia; Cionidae; Ciona	7719
Cja	White-tufted-ear marmoset	Callithrix jacchus	Callithrix	jacchus	species	1965096	cellular organisms; Eukaryota; Opisthokonta; Metazoa; Eumetazoa; Bilateria; Deuterostomia; Chordata; Craniata; Vertebrata; Gnathostomata; Teleostomi; Euteleostomi; Sarcopterygii; Dipnotetrapodomorpha; Tetrapoda; Amniota; Mammalia; Theria; Eutheria; Boreoeutheria; Euarchontoglires; Primates; Haplorrhini; Simiiformes; Platyrrhini; Cebidae; Callitrichinae; Callithrix; Callithrix	9483
Cli	Rock pigeon	Columba livia	Columba	livia	species	8931	cellular organisms; Eukaryota; Opisthokonta; Metazoa; Eumetazoa; Bilateria; Deuterostomia; Chordata; Craniata; Vertebrata; Gnathostomata; Teleostomi; Euteleostomi; Sarcopterygii; Dipnotetrapodomorpha; Tetrapoda; Amniota; Sauropsida; Sauria; Archelosauria; Archosauria; Dinosauria; Saurischia; Theropoda; Coelurosauria; Aves; Neognathae; Neoaves; Columbimorphae; Columbiformes; Columbidae; Columba	8932
Cmi	Australian ghostshark	Callorhinchus milii	Callorhinchus	milii	species	7866	cellular organisms; Eukaryota; Opisthokonta; Metazoa; Eumetazoa; Bilateria; Deuterostomia; Chordata; Craniata; Vertebrata; Gnathostomata; Chondrichthyes; Holocephali; Chimaeriformes; Callorhinchidae; Callorhinchus	7868
Cpi	Western painted turtle	Chrysemys picta bellii	Chrysemys		subspecies	8479	cellular organisms; Eukaryota; Opisthokonta; Metazoa; Eumetazoa; Bilateria; Deuterostomia; Chordata; Craniata; Vertebrata; Gnathostomata; Teleostomi; Euteleostomi; Sarcopterygii; Dipnotetrapodomorpha; Tetrapoda; Amniota; Sauropsida; Sauria; Archelosauria; Testudinata; Testudines; Cryptodira; Durocryptodira; Testudinoidea; Emydidae; Chrysemys; Chrysemys picta	8478
Cpo	Guinea pig	Cavia porcellus	Cavia	porcellus	species	10140	cellular organisms; Eukaryota; Opisthokonta; Metazoa; Eumetazoa; Bilateria; Deuterostomia; Chordata; Craniata; Vertebrata; Gnathostomata; Teleostomi; Euteleostomi; Sarcopterygii; Dipnotetrapodomorpha; Tetrapoda; Amniota; Mammalia; Theria; Eutheria; Boreoeutheria; Euarchontoglires; Glires; Rodentia; Hystricomorpha; Caviidae; Cavia	10141
Csc	Arizona bark scorpion	Centruroides sculpturatus	Centruroides	sculpturatus	species	6875	cellular organisms; Eukaryota; Opisthokonta; Metazoa; Eumetazoa; Bilateria; Protostomia; Ecdysozoa; Panarthropoda; Arthropoda; Chelicerata; Arachnida; Scorpiones; Buthida; Buthoidea; Buthidae; Centruroides	218467
Cte	Polychaete worm	Capitella teleta	Capitella	teleta	species	51293	cellular organisms; Eukaryota; Opisthokonta; Metazoa; Eumetazoa; Bilateria; Protostomia; Spiralia; Lophotrochozoa; Annelida; Polychaeta; Sedentaria; Scolecida; Capitellidae; Capitella	283909
Dan	Fruit fly	Drosophila ananassae	Drosophila	ananassae	species	545632	cellular organisms; Eukaryota; Opisthokonta; Metazoa; Eumetazoa; Bilateria; Protostomia; Ecdysozoa; Panarthropoda; Arthropoda; Mandibulata; Pancrustacea; Altocrustacea; Allotriocarida; Hexapoda; Insecta; Dicondylia; Pterygota; Neoptera; Eumetabola; Endopterygota; Aparaglossata; Panorpida; Diptera; Brachycera; Muscomorpha; Eremoneura; Cyclorrhapha; Schizophora; Acalyptratae; Ephydroidea; Drosophilidae; Drosophilinae; Drosophilini; Drosophila; Sophophora; melanogaster group; ananassae subgroup; ananassae species complex	7217
Dgr	Dimorphilus gyrociliatus	Dimorphilus gyrociliatus	Dimorphilus	gyrociliatus	species	2664683	cellular organisms; Eukaryota; Opisthokonta; Metazoa; Eumetazoa; Bilateria; Protostomia; Spiralia; Lophotrochozoa; Annelida; Polychaeta; Polychaeta incertae sedis; Dinophilidae; Dimorphilus	2664684
Dlo	Braconid wasp	Diachasmimorpha longicaudata	Diachasmimorpha	longicaudata	species	58732	cellular organisms; Eukaryota; Opisthokonta; Metazoa; Eumetazoa; Bilateria; Protostomia; Ecdysozoa; Panarthropoda; Arthropoda; Mandibulata; Pancrustacea; Altocrustacea; Allotriocarida; Hexapoda; Insecta; Dicondylia; Pterygota; Neoptera; Eumetabola; Endopterygota; Hymenoptera; Apocrita; Ichneumonoidea; Braconidae; Opiinae; Diachasmimorpha	58733
Dma	Large common water flea	Daphnia magna	Daphnia	magna	species	6668	cellular organisms; Eukaryota; Opisthokonta; Metazoa; Eumetazoa; Bilateria; Protostomia; Ecdysozoa; Panarthropoda; Arthropoda; Mandibulata; Pancrustacea; Altocrustacea; Allotriocarida; Branchiopoda; Phyllopoda; Diplostraca; Cladocera; Anomopoda; Daphniidae; Daphnia	35525
Dme	Fruit fly	Drosophila melanogaster	Drosophila	melanogaster	species	32351	cellular organisms; Eukaryota; Opisthokonta; Metazoa; Eumetazoa; Bilateria; Protostomia; Ecdysozoa; Panarthropoda; Arthropoda; Mandibulata; Pancrustacea; Altocrustacea; Allotriocarida; Hexapoda; Insecta; Dicondylia; Pterygota; Neoptera; Eumetabola; Endopterygota; Aparaglossata; Panorpida; Diptera; Brachycera; Muscomorpha; Eremoneura; Cyclorrhapha; Schizophora; Acalyptratae; Ephydroidea; Drosophilidae; Drosophilinae; Drosophilini; Drosophila; Sophophora; melanogaster group; melanogaster subgroup	7227
Dmo	Fruit fly	Drosophila mojavensis	Drosophila	mojavensis	species	198037	cellular organisms; Eukaryota; Opisthokonta; Metazoa; Eumetazoa; Bilateria; Protostomia; Ecdysozoa; Panarthropoda; Arthropoda; Mandibulata; Pancrustacea; Altocrustacea; Allotriocarida; Hexapoda; Insecta; Dicondylia; Pterygota; Neoptera; Eumetabola; Endopterygota; Aparaglossata; Panorpida; Diptera; Brachycera; Muscomorpha; Eremoneura; Cyclorrhapha; Schizophora; Acalyptratae; Ephydroidea; Drosophilidae; Drosophilinae; Drosophilini; Drosophila; Drosophila; repleta group; mulleri subgroup; mojavensis species complex	7230
Dno	Nine-banded armadillo	Dasypus novemcinctus	Dasypus	novemcinctus	species	9360	cellular organisms; Eukaryota; Opisthokonta; Metazoa; Eumetazoa; Bilateria; Deuterostomia; Chordata; Craniata; Vertebrata; Gnathostomata; Teleostomi; Euteleostomi; Sarcopterygii; Dipnotetrapodomorpha; Tetrapoda; Amniota; Mammalia; Theria; Eutheria; Xenarthra; Cingulata; Dasypodidae; Dasypus	9361
Dpu	Common water flea	Daphnia pulex	Daphnia	pulex	species	6668	cellular organisms; Eukaryota; Opisthokonta; Metazoa; Eumetazoa; Bilateria; Protostomia; Ecdysozoa; Panarthropoda; Arthropoda; Mandibulata; Pancrustacea; Altocrustacea; Allotriocarida; Branchiopoda; Phyllopoda; Diplostraca; Cladocera; Anomopoda; Daphniidae; Daphnia	6669
Dre	Zebrafish	Danio rerio	Danio	rerio	species	7954	cellular organisms; Eukaryota; Opisthokonta; Metazoa; Eumetazoa; Bilateria; Deuterostomia; Chordata; Craniata; Vertebrata; Gnathostomata; Teleostomi; Euteleostomi; Actinopterygii; Actinopteri; Neopterygii; Teleostei; Osteoglossocephalai; Clupeocephala; Otomorpha; Ostariophysi; Otophysi; Cypriniphysae; Cypriniformes; Cyprinoidei; Danionidae; Danioninae; Danio	7955
Dsi	Fruit fly	Drosophila simulans	Drosophila	simulans	species	32351	cellular organisms; Eukaryota; Opisthokonta; Metazoa; Eumetazoa; Bilateria; Protostomia; Ecdysozoa; Panarthropoda; Arthropoda; Mandibulata; Pancrustacea; Altocrustacea; Allotriocarida; Hexapoda; Insecta; Dicondylia; Pterygota; Neoptera; Eumetabola; Endopterygota; Aparaglossata; Panorpida; Diptera; Brachycera; Muscomorpha; Eremoneura; Cyclorrhapha; Schizophora; Acalyptratae; Ephydroidea; Drosophilidae; Drosophilinae; Drosophilini; Drosophila; Sophophora; melanogaster group; melanogaster subgroup	7240
Dya	Fruit fly	Drosophila yakuba	Drosophila	yakuba	species	32351	cellular organisms; Eukaryota; Opisthokonta; Metazoa; Eumetazoa; Bilateria; Protostomia; Ecdysozoa; Panarthropoda; Arthropoda; Mandibulata; Pancrustacea; Altocrustacea; Allotriocarida; Hexapoda; Insecta; Dicondylia; Pterygota; Neoptera; Eumetabola; Endopterygota; Aparaglossata; Panorpida; Diptera; Brachycera; Muscomorpha; Eremoneura; Cyclorrhapha; Schizophora; Acalyptratae; Ephydroidea; Drosophilidae; Drosophilinae; Drosophilini; Drosophila; Sophophora; melanogaster group; melanogaster subgroup	7245
Eba	Epimenia (Solenogaster)	Epimenia babai	Epimenia	babai	species	231998	cellular organisms; Eukaryota; Opisthokonta; Metazoa; Eumetazoa; Bilateria; Protostomia; Spiralia; Lophotrochozoa; Mollusca; Aplacophora; Solenogastres; Cavibelonia; Epimeniidae; Epimenia	231999
Ebu	Inshore hagfish	Eptatretus burgeri	Eptatretus	burgeri	species	7763	cellular organisms; Eukaryota; Opisthokonta; Metazoa; Eumetazoa; Bilateria; Deuterostomia; Chordata; Craniata; Vertebrata; Cyclostomata; Myxini; Myxiniformes; Myxinidae; Eptatretinae; Eptatretus	7764
Eca	Horse	Equus caballus	Equus	caballus	species	9789	cellular organisms; Eukaryota; Opisthokonta; Metazoa; Eumetazoa; Bilateria; Deuterostomia; Chordata; Craniata; Vertebrata; Gnathostomata; Teleostomi; Euteleostomi; Sarcopterygii; Dipnotetrapodomorpha; Tetrapoda; Amniota; Mammalia; Theria; Eutheria; Boreoeutheria; Laurasiatheria; Perissodactyla; Equidae; Equus	9796
Efe	Common brandling worm	Eisenia fetida	Eisenia	fetida	species	6393	cellular organisms; Eukaryota; Opisthokonta; Metazoa; Eumetazoa; Bilateria; Protostomia; Spiralia; Lophotrochozoa; Annelida; Clitellata; Oligochaeta; Crassiclitellata; Lumbricina; Lumbricidae; Lumbricinae; Eisenia	6396
Egr	Hydatid worm	Echinococcus granulosus	Echinococcus	granulosus	species	2212966	cellular organisms; Eukaryota; Opisthokonta; Metazoa; Eumetazoa; Bilateria; Protostomia; Spiralia; Lophotrochozoa; Platyhelminthes; Rhabditophora; Neodermata; Cestoda; Eucestoda; Cyclophyllidea; Taeniidae; Echinococcus; Echinococcus granulosus group	6210
Emu	Muellers freshwater sponge	Ephydatia muelleri	Ephydatia	muelleri	species	6051	cellular organisms; Eukaryota; Opisthokonta; Metazoa; Porifera; Demospongiae; Heteroscleromorpha; Spongillida; Spongillidae; Ephydatia	6052
Esc	Hawaiian bobtail squid	Euprymna scolopes	Euprymna	scolopes	species	6612	cellular organisms; Eukaryota; Opisthokonta; Metazoa; Eumetazoa; Bilateria; Protostomia; Spiralia; Lophotrochozoa; Mollusca; Cephalopoda; Coleoidea; Decapodiformes; Sepiida; Sepiolidae; Sepiolinae; Euprymna	6613
Ete	Lesser hedgehog tenrec	Echinops telfairi	Echinops	telfairi	species	9370	cellular organisms; Eukaryota; Opisthokonta; Metazoa; Eumetazoa; Bilateria; Deuterostomia; Chordata; Craniata; Vertebrata; Gnathostomata; Teleostomi; Euteleostomi; Sarcopterygii; Dipnotetrapodomorpha; Tetrapoda; Amniota; Mammalia; Theria; Eutheria; Afrotheria; Afrosoricida; Tenrecidae; Tenrecinae; Echinops	9371
Gga	Chicken	Gallus gallus	Gallus	gallus	species	9030	cellular organisms; Eukaryota; Opisthokonta; Metazoa; Eumetazoa; Bilateria; Deuterostomia; Chordata; Craniata; Vertebrata; Gnathostomata; Teleostomi; Euteleostomi; Sarcopterygii; Dipnotetrapodomorpha; Tetrapoda; Amniota; Sauropsida; Sauria; Archelosauria; Archosauria; Dinosauria; Saurischia; Theropoda; Coelurosauria; Aves; Neognathae; Galloanserae; Galliformes; Phasianidae; Phasianinae; Gallus	9031
Gja	Schlegels Japanese gecko	Gekko japonicus	Gekko	japonicus	species	8565	cellular organisms; Eukaryota; Opisthokonta; Metazoa; Eumetazoa; Bilateria; Deuterostomia; Chordata; Craniata; Vertebrata; Gnathostomata; Teleostomi; Euteleostomi; Sarcopterygii; Dipnotetrapodomorpha; Tetrapoda; Amniota; Sauropsida; Sauria; Lepidosauria; Squamata; Bifurcata; Gekkota; Gekkonidae; Gekkoninae; Gekko	146911
Gmo	Cod	Gadus morhua	Gadus	morhua	species	8048	cellular organisms; Eukaryota; Opisthokonta; Metazoa; Eumetazoa; Bilateria; Deuterostomia; Chordata; Craniata; Vertebrata; Gnathostomata; Teleostomi; Euteleostomi; Actinopterygii; Actinopteri; Neopterygii; Teleostei; Osteoglossocephalai; Clupeocephala; Euteleosteomorpha; Neoteleostei; Eurypterygia; Ctenosquamata; Acanthomorphata; Paracanthopterygii; Zeiogadaria; Gadariae; Gadiformes; Gadoidei; Gadidae; Gadus	8049
Gpa	Tsetse fly	Glossina pallidipes	Glossina	pallidipes	species	44049	cellular organisms; Eukaryota; Opisthokonta; Metazoa; Eumetazoa; Bilateria; Protostomia; Ecdysozoa; Panarthropoda; Arthropoda; Mandibulata; Pancrustacea; Altocrustacea; Allotriocarida; Hexapoda; Insecta; Dicondylia; Pterygota; Neoptera; Eumetabola; Endopterygota; Aparaglossata; Panorpida; Diptera; Brachycera; Muscomorpha; Eremoneura; Cyclorrhapha; Schizophora; Calyptratae; Hippoboscoidea; Glossinidae; Glossina; Glossina	7398
Gsa	Russian doll killer	Gyrodactylus salaris	Gyrodactylus	salaris	species	37846	cellular organisms; Eukaryota; Opisthokonta; Metazoa; Eumetazoa; Bilateria; Protostomia; Spiralia; Lophotrochozoa; Platyhelminthes; Rhabditophora; Neodermata; Monogenea; Monopisthocotylea; Gyrodactylidea; Gyrodactylidae; Gyrodactylus	37629
Gsp	Montseny horsehair worm	Gordius sp.	Gordius	sp.	species	2645757	cellular organisms; Eukaryota; Opisthokonta; Metazoa; Eumetazoa; Bilateria; Protostomia; Ecdysozoa; Nematomorpha; Gordioida; Gordea; Gordioidea; Gordiidae; Gordius; unclassified Gordius	46637
Hme	Longwing butterfly	Heliconius melpomene	Heliconius	melpomene	species	33416	cellular organisms; Eukaryota; Opisthokonta; Metazoa; Eumetazoa; Bilateria; Protostomia; Ecdysozoa; Panarthropoda; Arthropoda; Mandibulata; Pancrustacea; Altocrustacea; Allotriocarida; Hexapoda; Insecta; Dicondylia; Pterygota; Neoptera; Eumetabola; Endopterygota; Aparaglossata; Panorpida; Amphiesmenoptera; Lepidoptera; Glossata; Neolepidoptera; Heteroneura; Ditrysia; Obtectomera; Papilionoidea; Nymphalidae; Heliconiinae; Heliconiini; Heliconius	34740
Hmi	Panther worm	Hofstenia miamia	Hofstenia	miamia	species	442650	cellular organisms; Eukaryota; Opisthokonta; Metazoa; Eumetazoa; Bilateria; Xenacoelomorpha; Acoelomorpha; Acoela; Hofsteniidae; Hofstenia	442651
Hru	Red Abalone	Haliotis rufescens	Haliotis	rufescens	species	6452	cellular organisms; Eukaryota; Opisthokonta; Metazoa; Eumetazoa; Bilateria; Protostomia; Spiralia; Lophotrochozoa; Mollusca; Gastropoda; Vetigastropoda; Lepetellida; Haliotoidea; Haliotidae; Haliotis	6454
Hvu	Freshwater-polyp	Hydra vulgaris	Hydra	vulgaris	species	6083	cellular organisms; Eukaryota; Opisthokonta; Metazoa; Eumetazoa; Cnidaria; Hydrozoa; Hydroidolina; Anthoathecata; Aplanulata; Hydridae; Hydra	6087
Isc	Deer tick	Ixodes scapularis	Ixodes	scapularis	species	6944	cellular organisms; Eukaryota; Opisthokonta; Metazoa; Eumetazoa; Bilateria; Protostomia; Ecdysozoa; Panarthropoda; Arthropoda; Chelicerata; Arachnida; Acari; Parasitiformes; Ixodida; Ixodoidea; Ixodidae; Ixodinae; Ixodes	6945
Laf	African bush elephant	Loxodonta africana	Loxodonta	africana	species	9784	cellular organisms; Eukaryota; Opisthokonta; Metazoa; Eumetazoa; Bilateria; Deuterostomia; Chordata; Craniata; Vertebrata; Gnathostomata; Teleostomi; Euteleostomi; Sarcopterygii; Dipnotetrapodomorpha; Tetrapoda; Amniota; Mammalia; Theria; Eutheria; Afrotheria; Proboscidea; Elephantidae; Loxodonta	9785
Lan	Lingula	Lingula anatina	Lingula	anatina	species	7571	cellular organisms; Eukaryota; Opisthokonta; Metazoa; Eumetazoa; Bilateria; Protostomia; Spiralia; Lophotrochozoa; Brachiopoda; Linguliformea; Lingulata; Lingulida; Linguloidea; Lingulidae; Lingula	7574
Lch	Coelacanth	Latimeria chalumnae	Latimeria	chalumnae	species	7896	cellular organisms; Eukaryota; Opisthokonta; Metazoa; Eumetazoa; Bilateria; Deuterostomia; Chordata; Craniata; Vertebrata; Gnathostomata; Teleostomi; Euteleostomi; Sarcopterygii; Coelacanthimorpha; Coelacanthiformes; Coelacanthidae; Latimeria	7897
Lgi	Owl limpet	Lottia gigantea	Lottia	gigantea	species	72691	cellular organisms; Eukaryota; Opisthokonta; Metazoa; Eumetazoa; Bilateria; Protostomia; Spiralia; Lophotrochozoa; Mollusca; Gastropoda; Patellogastropoda; Lottioidea; Lottiidae; Lottia	225164
Lhy	Laevipilina (Monoplacophora)	Laevipilina hyalina	Laevipilina	hyalina	species	358448	cellular organisms; Eukaryota; Opisthokonta; Metazoa; Eumetazoa; Bilateria; Protostomia; Spiralia; Lophotrochozoa; Mollusca; Monoplacophora; Tryblidiida; Neopilinidae; Laevipilina	651133
Llo	Bootlace worm	Lineus longissimus	Lineus	longissimus	species	6223	cellular organisms; Eukaryota; Opisthokonta; Metazoa; Eumetazoa; Bilateria; Protostomia; Spiralia; Lophotrochozoa; Nemertea; Pilidiophora; Heteronemertea; Lineidae; Lineus	88925
Loc	Spotted gar	Lepisosteus oculatus	Lepisosteus	oculatus	species	7916	cellular organisms; Eukaryota; Opisthokonta; Metazoa; Eumetazoa; Bilateria; Deuterostomia; Chordata; Craniata; Vertebrata; Gnathostomata; Teleostomi; Euteleostomi; Actinopterygii; Actinopteri; Neopterygii; Holostei; Semionotiformes; Lepisosteidae; Lepisosteus	7918
Lpo	Atlantic horseshoe crab	Limulus polyphemus	Limulus	polyphemus	species	6849	cellular organisms; Eukaryota; Opisthokonta; Metazoa; Eumetazoa; Bilateria; Protostomia; Ecdysozoa; Panarthropoda; Arthropoda; Chelicerata; Merostomata; Xiphosura; Limulidae; Limulus	6850
Mal	Asian swamp eel	Monopterus albus	Monopterus	albus	species	43699	cellular organisms; Eukaryota; Opisthokonta; Metazoa; Eumetazoa; Bilateria; Deuterostomia; Chordata; Craniata; Vertebrata; Gnathostomata; Teleostomi; Euteleostomi; Actinopterygii; Actinopteri; Neopterygii; Teleostei; Osteoglossocephalai; Clupeocephala; Euteleosteomorpha; Neoteleostei; Eurypterygia; Ctenosquamata; Acanthomorphata; Euacanthomorphacea; Percomorphaceae; Anabantaria; Synbranchiformes; Synbranchoidei; Synbranchidae; Monopterus	43700
Mdo	Gray short-tailed opossum	Monodelphis domestica	Monodelphis	domestica	species	13615	cellular organisms; Eukaryota; Opisthokonta; Metazoa; Eumetazoa; Bilateria; Deuterostomia; Chordata; Craniata; Vertebrata; Gnathostomata; Teleostomi; Euteleostomi; Sarcopterygii; Dipnotetrapodomorpha; Tetrapoda; Amniota; Mammalia; Theria; Metatheria; Didelphimorphia; Didelphidae; Didelphinae; Monodelphis	13616
Mgi	Pacific oyster	Magallana gigas	Magallana	gigas	species	2171616	cellular organisms; Eukaryota; Opisthokonta; Metazoa; Eumetazoa; Bilateria; Protostomia; Spiralia; Lophotrochozoa; Mollusca; Bivalvia; Autobranchia; Pteriomorphia; Ostreida; Ostreoidea; Ostreidae; Magallana	29159
Mml	Rhesus monkey	Macaca mulatta	Macaca	mulatta	species	9539	cellular organisms; Eukaryota; Opisthokonta; Metazoa; Eumetazoa; Bilateria; Deuterostomia; Chordata; Craniata; Vertebrata; Gnathostomata; Teleostomi; Euteleostomi; Sarcopterygii; Dipnotetrapodomorpha; Tetrapoda; Amniota; Mammalia; Theria; Eutheria; Boreoeutheria; Euarchontoglires; Primates; Haplorrhini; Simiiformes; Catarrhini; Cercopithecoidea; Cercopithecidae; Cercopithecinae; Macaca	9544
Mmr	Gray mouse lemur	Microcebus murinus	Microcebus	murinus	species	13149	cellular organisms; Eukaryota; Opisthokonta; Metazoa; Eumetazoa; Bilateria; Deuterostomia; Chordata; Craniata; Vertebrata; Gnathostomata; Teleostomi; Euteleostomi; Sarcopterygii; Dipnotetrapodomorpha; Tetrapoda; Amniota; Mammalia; Theria; Eutheria; Boreoeutheria; Euarchontoglires; Primates; Strepsirrhini; Lemuriformes; Cheirogaleidae; Microcebus	30608
Mmu	House mouse	Mus musculus	Mus	musculus	species	862507	cellular organisms; Eukaryota; Opisthokonta; Metazoa; Eumetazoa; Bilateria; Deuterostomia; Chordata; Craniata; Vertebrata; Gnathostomata; Teleostomi; Euteleostomi; Sarcopterygii; Dipnotetrapodomorpha; Tetrapoda; Amniota; Mammalia; Theria; Eutheria; Boreoeutheria; Euarchontoglires; Glires; Rodentia; Myomorpha; Muroidea; Muridae; Murinae; Mus; Mus	10090
Mom	Mossy chiton	Mopalia muscosa	Mopalia	muscosa	species	256103	cellular organisms; Eukaryota; Opisthokonta; Metazoa; Eumetazoa; Bilateria; Protostomia; Spiralia; Lophotrochozoa; Mollusca; Polyplacophora; Neoloricata; Chitonida; Acanthochitonina; Mopaliidae; Mopalia	256104
Mun	Microcaecilia	Microcaecilia unicolor	Microcaecilia	unicolor	species	264009	cellular organisms; Eukaryota; Opisthokonta; Metazoa; Eumetazoa; Bilateria; Deuterostomia; Chordata; Craniata; Vertebrata; Gnathostomata; Teleostomi; Euteleostomi; Sarcopterygii; Dipnotetrapodomorpha; Tetrapoda; Amphibia; Gymnophiona; Siphonopidae; Microcaecilia	1415580
Nag	Thorny-headed worm 1	Neoechinorhynchus agilis	Neoechinorhynchus	agilis	species	45088	cellular organisms; Eukaryota; Opisthokonta; Metazoa; Eumetazoa; Bilateria; Protostomia; Spiralia; Lophotrochozoa; Acanthocephala; Eoacanthocephala; Neoechinorhynchida; Neoechinorhynchidae; Neoechinorhynchus	2593365
Neu	Tammar Wallaby	Notamacropus eugenii	Notamacropus	eugenii	species	1960649	cellular organisms; Eukaryota; Opisthokonta; Metazoa; Eumetazoa; Bilateria; Deuterostomia; Chordata; Craniata; Vertebrata; Gnathostomata; Teleostomi; Euteleostomi; Sarcopterygii; Dipnotetrapodomorpha; Tetrapoda; Amniota; Mammalia; Theria; Metatheria; Diprotodontia; Macropodidae; Notamacropus	9315
Npo	Chambered Nautilus	Nautilus pompilius	Nautilus	pompilius	species	34572	cellular organisms; Eukaryota; Opisthokonta; Metazoa; Eumetazoa; Bilateria; Protostomia; Spiralia; Lophotrochozoa; Mollusca; Cephalopoda; Nautiloidea; Nautilida; Nautilidae; Nautilus	34573
Nve	Starlet sea anemone	Nematostella vectensis	Nematostella	vectensis	species	45350	cellular organisms; Eukaryota; Opisthokonta; Metazoa; Eumetazoa; Cnidaria; Anthozoa; Hexacorallia; Actiniaria; Edwardsiidae; Nematostella	45351
Oan	Platypus	Ornithorhynchus anatinus	Ornithorhynchus	anatinus	species	9257	cellular organisms; Eukaryota; Opisthokonta; Metazoa; Eumetazoa; Bilateria; Deuterostomia; Chordata; Craniata; Vertebrata; Gnathostomata; Teleostomi; Euteleostomi; Sarcopterygii; Dipnotetrapodomorpha; Tetrapoda; Amniota; Mammalia; Prototheria; Monotremata; Ornithorhynchidae; Ornithorhynchus	9258
Obi	California two-spot octopus	Octopus bimaculoides	Octopus	bimaculoides	species	6643	cellular organisms; Eukaryota; Opisthokonta; Metazoa; Eumetazoa; Bilateria; Protostomia; Spiralia; Lophotrochozoa; Mollusca; Cephalopoda; Coleoidea; Octopodiformes; Octopoda; Incirrata; Octopodidae; Octopus	37653
Ocu	Rabbit	Oryctolagus cuniculus	Oryctolagus	cuniculus	species	9984	cellular organisms; Eukaryota; Opisthokonta; Metazoa; Eumetazoa; Bilateria; Deuterostomia; Chordata; Craniata; Vertebrata; Gnathostomata; Teleostomi; Euteleostomi; Sarcopterygii; Dipnotetrapodomorpha; Tetrapoda; Amniota; Mammalia; Theria; Eutheria; Boreoeutheria; Euarchontoglires; Glires; Lagomorpha; Leporidae; Oryctolagus	9986
Ofu	Tubeworm	Owenia fusiformis	Owenia	fusiformis	species	6346	cellular organisms; Eukaryota; Opisthokonta; Metazoa; Eumetazoa; Bilateria; Protostomia; Spiralia; Lophotrochozoa; Annelida; Polychaeta; Sedentaria; Canalipalpata; Sabellida; Oweniida; Oweniidae; Owenia	6347
Ovu	Common octopus	Octopus vulgaris	Octopus	vulgaris	species	6643	cellular organisms; Eukaryota; Opisthokonta; Metazoa; Eumetazoa; Bilateria; Protostomia; Spiralia; Lophotrochozoa; Mollusca; Cephalopoda; Coleoidea; Octopodiformes; Octopoda; Incirrata; Octopodidae; Octopus	6645
Pab	Sumatran orangutan	Pongo abelii	Pongo	abelii	species	9599	cellular organisms; Eukaryota; Opisthokonta; Metazoa; Eumetazoa; Bilateria; Deuterostomia; Chordata; Craniata; Vertebrata; Gnathostomata; Teleostomi; Euteleostomi; Sarcopterygii; Dipnotetrapodomorpha; Tetrapoda; Amniota; Mammalia; Theria; Eutheria; Boreoeutheria; Euarchontoglires; Primates; Haplorrhini; Simiiformes; Catarrhini; Hominoidea; Hominidae; Ponginae; Pongo	9601
Pau	Horseshoe worm	Phoronis australis	Phoronis	australis	species	33504	cellular organisms; Eukaryota; Opisthokonta; Metazoa; Eumetazoa; Bilateria; Protostomia; Spiralia; Lophotrochozoa; Phoronida; Phoronidae; Phoronis	115415
Pbv	Burmese python	Python bivittatus	Python	bivittatus	species	37579	cellular organisms; Eukaryota; Opisthokonta; Metazoa; Eumetazoa; Bilateria; Deuterostomia; Chordata; Craniata; Vertebrata; Gnathostomata; Teleostomi; Euteleostomi; Sarcopterygii; Dipnotetrapodomorpha; Tetrapoda; Amniota; Sauropsida; Sauria; Lepidosauria; Squamata; Bifurcata; Unidentata; Episquamata; Toxicofera; Serpentes; Henophidia; Pythonidae; Python	176946
Pca	Penis worm	Priapulus caudatus	Priapulus	caudatus	species	37847	cellular organisms; Eukaryota; Opisthokonta; Metazoa; Eumetazoa; Bilateria; Protostomia; Ecdysozoa; Scalidophora; Priapulida; Priapulimorpha; Priapulimorphida; Priapulidae; Priapulus	37621
Pcr	Tiger flatworm	Prostheceraeus crozeri	Prostheceraeus	crozeri	species	107735	cellular organisms; Eukaryota; Opisthokonta; Metazoa; Eumetazoa; Bilateria; Protostomia; Spiralia; Lophotrochozoa; Platyhelminthes; Rhabditophora; Polycladida; Cotylea; Euryleptidae; Prostheceraeus	2291463
Pdu	Dumerils clam worm	Platynereis dumerilii	Platynereis	dumerilii	species	6358	cellular organisms; Eukaryota; Opisthokonta; Metazoa; Eumetazoa; Bilateria; Protostomia; Spiralia; Lophotrochozoa; Annelida; Polychaeta; Errantia; Phyllodocida; Nereididae; Platynereis	6359
Pfl	Ptychodera	Ptychodera flava	Ptychodera	flava	species	63120	cellular organisms; Eukaryota; Opisthokonta; Metazoa; Eumetazoa; Bilateria; Deuterostomia; Hemichordata; Enteropneusta; Ptychoderidae; Ptychodera	63121
Ple	Thorny-headed worm 2	Pomphorhynchus laevis	Pomphorhynchus	laevis	species	60542	cellular organisms; Eukaryota; Opisthokonta; Metazoa; Eumetazoa; Bilateria; Protostomia; Spiralia; Lophotrochozoa; Acanthocephala; Palaeacanthocephala; Echinorhynchida; Pomphorhynchidae; Pomphorhynchus	141832
Pma	Sea Lamprey	Petromyzon marinus	Petromyzon	marinus	species	7756	cellular organisms; Eukaryota; Opisthokonta; Metazoa; Eumetazoa; Bilateria; Deuterostomia; Chordata; Craniata; Vertebrata; Cyclostomata; Hyperoartia; Petromyzontiformes; Petromyzontidae; Petromyzon	7757
Pmi	Bat starfish	Patiria miniata	Patiria	miniata	species	35076	cellular organisms; Eukaryota; Opisthokonta; Metazoa; Eumetazoa; Bilateria; Deuterostomia; Echinodermata; Eleutherozoa; Asterozoa; Asteroidea; Valvatacea; Valvatida; Asterinidae; Patiria	46514
Pve	Vernerds tusk shell	Pictodentalium vernedei	Pictodentalium	vernedei	species	2996713	cellular organisms; Eukaryota; Opisthokonta; Metazoa; Eumetazoa; Bilateria; Protostomia; Spiralia; Lophotrochozoa; Mollusca; Scaphopoda; Dentaliida; Dentaliidae; Pictodentalium	2996714
Rno	Norway rat	Rattus norvegicus	Rattus	norvegicus	species	10114	cellular organisms; Eukaryota; Opisthokonta; Metazoa; Eumetazoa; Bilateria; Deuterostomia; Chordata; Craniata; Vertebrata; Gnathostomata; Teleostomi; Euteleostomi; Sarcopterygii; Dipnotetrapodomorpha; Tetrapoda; Amniota; Mammalia; Theria; Eutheria; Boreoeutheria; Euarchontoglires; Glires; Rodentia; Myomorpha; Muroidea; Muridae; Murinae; Rattus	10116
Rph	Japanese carpet shell	Ruditapes philippinarum	Ruditapes	philippinarum	species	186463	cellular organisms; Eukaryota; Opisthokonta; Metazoa; Eumetazoa; Bilateria; Protostomia; Spiralia; Lophotrochozoa; Mollusca; Bivalvia; Autobranchia; Heteroconchia; Euheterodonta; Imparidentia; Neoheterodontei; Venerida; Veneroidea; Veneridae; Ruditapes	129788
Sha	Tasmanian devil	Sarcophilus harrisii	Sarcophilus	harrisii	species	9304	cellular organisms; Eukaryota; Opisthokonta; Metazoa; Eumetazoa; Bilateria; Deuterostomia; Chordata; Craniata; Vertebrata; Gnathostomata; Teleostomi; Euteleostomi; Sarcopterygii; Dipnotetrapodomorpha; Tetrapoda; Amniota; Mammalia; Theria; Metatheria; Dasyuromorphia; Dasyuridae; Sarcophilus	9305
Sko	Saccoglossus	Saccoglossus kowalevskii	Saccoglossus	kowalevskii	species	10222	cellular organisms; Eukaryota; Opisthokonta; Metazoa; Eumetazoa; Bilateria; Deuterostomia; Hemichordata; Enteropneusta; Harrimaniidae; Saccoglossus	10224
Sma	Blood fluke	Schistosoma mansoni	Schistosoma	mansoni	species	6181	cellular organisms; Eukaryota; Opisthokonta; Metazoa; Eumetazoa; Bilateria; Protostomia; Spiralia; Lophotrochozoa; Platyhelminthes; Rhabditophora; Neodermata; Trematoda; Digenea; Strigeidida; Schistosomatoidea; Schistosomatidae; Schistosoma	6183
Sme	Freshwater planarian	Schmidtea mediterranea	Schmidtea	mediterranea	species	55270	cellular organisms; Eukaryota; Opisthokonta; Metazoa; Eumetazoa; Bilateria; Protostomia; Spiralia; Lophotrochozoa; Platyhelminthes; Rhabditophora; Tricladida; Continenticola; Geoplanoidea; Dugesiidae; Schmidtea	79327
Sne	Seison	Seison nebaliae	Seison	nebaliae	species	86132	cellular organisms; Eukaryota; Opisthokonta; Metazoa; Eumetazoa; Bilateria; Protostomia; Spiralia; Gnathifera; Rotifera; Pararotatoria; Seisonacea; Seisonidae; Seison	104778
Snu	Peanut worm	Sipunculus nudus	Sipunculus	nudus	species	6445	cellular organisms; Eukaryota; Opisthokonta; Metazoa; Eumetazoa; Bilateria; Protostomia; Spiralia; Lophotrochozoa; Annelida; Sipuncula; Sipunculidea; Golfingiida; Sipunculidae; Sipunculus	6446
Spt	Tuatara	Sphenodon punctatus	Sphenodon	punctatus	species	8507	cellular organisms; Eukaryota; Opisthokonta; Metazoa; Eumetazoa; Bilateria; Deuterostomia; Chordata; Craniata; Vertebrata; Gnathostomata; Teleostomi; Euteleostomi; Sarcopterygii; Dipnotetrapodomorpha; Tetrapoda; Amniota; Sauropsida; Sauria; Lepidosauria; Sphenodontia; Sphenodontidae; Sphenodon	8508
Spu	Purple sea urchin	Strongylocentrotus purpuratus	Strongylocentrotus	purpuratus	species	7664	cellular organisms; Eukaryota; Opisthokonta; Metazoa; Eumetazoa; Bilateria; Deuterostomia; Echinodermata; Eleutherozoa; Echinozoa; Echinoidea; Euechinoidea; Echinacea; Camarodonta; Echinidea; Strongylocentrotidae; Strongylocentrotus	7668
Sro	Roscoff worm	Symsagittifera roscoffensis	Symsagittifera	roscoffensis	species	90915	cellular organisms; Eukaryota; Opisthokonta; Metazoa; Eumetazoa; Bilateria; Xenacoelomorpha; Acoelomorpha; Acoela; Convolutidae; Symsagittifera	84072
Sto	Cloudy Catshark	Scyliorhinus torazame	Scyliorhinus	torazame	species	7829	cellular organisms; Eukaryota; Opisthokonta; Metazoa; Eumetazoa; Bilateria; Deuterostomia; Chordata; Craniata; Vertebrata; Gnathostomata; Chondrichthyes; Elasmobranchii; Selachii; Galeomorphii; Galeoidea; Carcharhiniformes; Scyliorhinidae; Scyliorhinus	75743
Tca	Red flour beetle	Tribolium castaneum	Tribolium	castaneum	species	7069	cellular organisms; Eukaryota; Opisthokonta; Metazoa; Eumetazoa; Bilateria; Protostomia; Ecdysozoa; Panarthropoda; Arthropoda; Mandibulata; Pancrustacea; Altocrustacea; Allotriocarida; Hexapoda; Insecta; Dicondylia; Pterygota; Neoptera; Eumetabola; Endopterygota; Aparaglossata; Neuropteroidea; Coleoptera; Polyphaga; Cucujiformia; Tenebrionoidea; Tenebrionidae; Tenebrionidae incertae sedis; Tribolium	7070
Tgu	Zebra finch	Taeniopygia guttata	Taeniopygia	guttata	species	59728	cellular organisms; Eukaryota; Opisthokonta; Metazoa; Eumetazoa; Bilateria; Deuterostomia; Chordata; Craniata; Vertebrata; Gnathostomata; Teleostomi; Euteleostomi; Sarcopterygii; Dipnotetrapodomorpha; Tetrapoda; Amniota; Sauropsida; Sauria; Archelosauria; Archosauria; Dinosauria; Saurischia; Theropoda; Coelurosauria; Aves; Neognathae; Neoaves; Telluraves; Australaves; Passeriformes; Passeroidea; Estrildidae; Estrildinae; Taeniopygia	59729
Tni	Pufferfish	Tetraodon nigroviridis	Tetraodon	nigroviridis	species	47144	cellular organisms; Eukaryota; Opisthokonta; Metazoa; Eumetazoa; Bilateria; Deuterostomia; Chordata; Craniata; Vertebrata; Gnathostomata; Teleostomi; Euteleostomi; Actinopterygii; Actinopteri; Neopterygii; Teleostei; Osteoglossocephalai; Clupeocephala; Euteleosteomorpha; Neoteleostei; Eurypterygia; Ctenosquamata; Acanthomorphata; Euacanthomorphacea; Percomorphaceae; Eupercaria; Tetraodontiformes; Tetraodontoidei; Tetradontoidea; Tetraodontidae; Tetraodon	99883
Tur	Two-spotted spider mite	Tetranychus urticae	Tetranychus	urticae	species	32263	cellular organisms; Eukaryota; Opisthokonta; Metazoa; Eumetazoa; Bilateria; Protostomia; Ecdysozoa; Panarthropoda; Arthropoda; Chelicerata; Arachnida; Acari; Acariformes; Trombidiformes; Prostigmata; Eleutherengona; Raphignathae; Tetranychoidea; Tetranychidae; Tetranychus	32264
War	Wirenia (Solenogaster)	Wirenia argentea	Wirenia	argentea	species	669228	cellular organisms; Eukaryota; Opisthokonta; Metazoa; Eumetazoa; Bilateria; Protostomia; Spiralia; Lophotrochozoa; Mollusca; Aplacophora; Solenogastres; Pholidoskepia; Gymnomeniidae; Wirenia	669229
Xbo	Xenoturbella	Xenoturbella bocki	Xenoturbella	bocki	species	110815	cellular organisms; Eukaryota; Opisthokonta; Metazoa; Eumetazoa; Bilateria; Xenacoelomorpha; Xenoturbellida; Xenoturbellidae; Xenoturbella	242395
Xla	African clawed frog	Xenopus laevis	Xenopus	laevis	species	262014	cellular organisms; Eukaryota; Opisthokonta; Metazoa; Eumetazoa; Bilateria; Deuterostomia; Chordata; Craniata; Vertebrata; Gnathostomata; Teleostomi; Euteleostomi; Sarcopterygii; Dipnotetrapodomorpha; Tetrapoda; Amphibia; Batrachia; Anura; Pipoidea; Pipidae; Xenopodinae; Xenopus; Xenopus	8355
Xtr	Tropical clawed frog	Xenopus tropicalis	Xenopus	tropicalis	species	8363	cellular organisms; Eukaryota; Opisthokonta; Metazoa; Eumetazoa; Bilateria; Deuterostomia; Chordata; Craniata; Vertebrata; Gnathostomata; Teleostomi; Euteleostomi; Sarcopterygii; Dipnotetrapodomorpha; Tetrapoda; Amphibia; Batrachia; Anura; Pipoidea; Pipidae; Xenopodinae; Xenopus; Silurana	8364
